RecordType,vesselFlagCountry,year,workingGroup,stock,speciesCode,catchCategory,domainBiology,distributionType,distributionUnit,distributionClass,ageGroupPlus,attributeType,attributeValue,variableType,variableUnit,valueType,value,variance,PSU,num_PSUs,numTrips,numMeasurements
DN,ES,2025,WGHANSA,pil.27.8c9a,126421,Lan,Q1_27.8.c.e_PS_SPF_>0_0_0,LengthTotal,cm,12.5,,Sex,U,Number,k,Total,424.481,,FishingTrip,5,5,419
DN,ES,2025,WGHANSA,pil.27.8c9a,126421,Lan,Q1_27.8.c.e_PS_SPF_>0_0_0,LengthTotal,cm,12.5,,Sex,U,WeightLive,kg,Mean,0.015,,FishingTrip,5,5,419
DN,ES,2025,WGHANSA,pil.27.8c9a,126421,Lan,Q1_27.8.c.e_PS_SPF_>0_0_0,LengthTotal,cm,13,,Sex,U,Number,k,Total,1225.328,,FishingTrip,7,7,574
DN,ES,2025,WGHANSA,pil.27.8c9a,126421,Lan,Q1_27.8.c.e_PS_SPF_>0_0_0,LengthTotal,cm,13,,Sex,U,WeightLive,kg,Mean,0.017,,FishingTrip,7,7,574
DN,ES,2025,WGHANSA,pil.27.8c9a,126421,Lan,Q1_27.8.c.e_PS_SPF_>0_0_0,LengthTotal,cm,13.5,,Sex,U,Number,k,Total,1675.133,,FishingTrip,7,7,574
DN,ES,2025,WGHANSA,pil.27.8c9a,126421,Lan,Q1_27.8.c.e_PS_SPF_>0_0_0,LengthTotal,cm,13.5,,Sex,U,WeightLive,kg,Mean,0.019,,FishingTrip,7,7,574
DN,ES,2025,WGHANSA,pil.27.8c9a,126421,Lan,Q1_27.8.c.e_PS_SPF_>0_0_0,LengthTotal,cm,14,,Sex,U,Number,k,Total,1544.606,,FishingTrip,7,7,574
DN,ES,2025,WGHANSA,pil.27.8c9a,126421,Lan,Q1_27.8.c.e_PS_SPF_>0_0_0,LengthTotal,cm,14,,Sex,U,WeightLive,kg,Mean,0.021,,FishingTrip,7,7,574
DN,ES,2025,WGHANSA,pil.27.8c9a,126421,Lan,Q1_27.8.c.e_PS_SPF_>0_0_0,LengthTotal,cm,14.5,,Sex,U,Number,k,Total,787.323,,FishingTrip,7,7,574
DN,ES,2025,WGHANSA,pil.27.8c9a,126421,Lan,Q1_27.8.c.e_PS_SPF_>0_0_0,LengthTotal,cm,14.5,,Sex,U,WeightLive,kg,Mean,0.023,,FishingTrip,7,7,574
DN,ES,2025,WGHANSA,pil.27.8c9a,126421,Lan,Q1_27.8.c.e_PS_SPF_>0_0_0,LengthTotal,cm,15,,Sex,U,Number,k,Total,361.547,,FishingTrip,7,7,574
DN,ES,2025,WGHANSA,pil.27.8c9a,126421,Lan,Q1_27.8.c.e_PS_SPF_>0_0_0,LengthTotal,cm,15,,Sex,U,WeightLive,kg,Mean,0.026,,FishingTrip,7,7,574
DN,ES,2025,WGHANSA,pil.27.8c9a,126421,Lan,Q1_27.8.c.e_PS_SPF_>0_0_0,LengthTotal,cm,15.5,,Sex,U,Number,k,Total,241.216,,FishingTrip,7,7,574
DN,ES,2025,WGHANSA,pil.27.8c9a,126421,Lan,Q1_27.8.c.e_PS_SPF_>0_0_0,LengthTotal,cm,15.5,,Sex,U,WeightLive,kg,Mean,0.028,,FishingTrip,7,7,574
DN,ES,2025,WGHANSA,pil.27.8c9a,126421,Lan,Q1_27.8.c.e_PS_SPF_>0_0_0,LengthTotal,cm,16,,Sex,U,Number,k,Total,376.548,,FishingTrip,7,7,574
DN,ES,2025,WGHANSA,pil.27.8c9a,126421,Lan,Q1_27.8.c.e_PS_SPF_>0_0_0,LengthTotal,cm,16,,Sex,U,WeightLive,kg,Mean,0.031,,FishingTrip,7,7,574
DN,ES,2025,WGHANSA,pil.27.8c9a,126421,Lan,Q1_27.8.c.e_PS_SPF_>0_0_0,LengthTotal,cm,16.5,,Sex,U,Number,k,Total,284.084,,FishingTrip,7,7,574
DN,ES,2025,WGHANSA,pil.27.8c9a,126421,Lan,Q1_27.8.c.e_PS_SPF_>0_0_0,LengthTotal,cm,16.5,,Sex,U,WeightLive,kg,Mean,0.034,,FishingTrip,7,7,574
DN,ES,2025,WGHANSA,pil.27.8c9a,126421,Lan,Q1_27.8.c.e_PS_SPF_>0_0_0,LengthTotal,cm,17,,Sex,U,Number,k,Total,291.982,,FishingTrip,7,7,574
DN,ES,2025,WGHANSA,pil.27.8c9a,126421,Lan,Q1_27.8.c.e_PS_SPF_>0_0_0,LengthTotal,cm,17,,Sex,U,WeightLive,kg,Mean,0.037,,FishingTrip,7,7,574
DN,ES,2025,WGHANSA,pil.27.8c9a,126421,Lan,Q1_27.8.c.e_PS_SPF_>0_0_0,LengthTotal,cm,17.5,,Sex,U,Number,k,Total,191.165,,FishingTrip,7,7,574
DN,ES,2025,WGHANSA,pil.27.8c9a,126421,Lan,Q1_27.8.c.e_PS_SPF_>0_0_0,LengthTotal,cm,17.5,,Sex,U,WeightLive,kg,Mean,0.04,,FishingTrip,7,7,574
DN,ES,2025,WGHANSA,pil.27.8c9a,126421,Lan,Q1_27.8.c.e_PS_SPF_>0_0_0,LengthTotal,cm,18,,Sex,U,Number,k,Total,218.405,,FishingTrip,7,7,574
DN,ES,2025,WGHANSA,pil.27.8c9a,126421,Lan,Q1_27.8.c.e_PS_SPF_>0_0_0,LengthTotal,cm,18,,Sex,U,WeightLive,kg,Mean,0.043,,FishingTrip,7,7,574
DN,ES,2025,WGHANSA,pil.27.8c9a,126421,Lan,Q1_27.8.c.e_PS_SPF_>0_0_0,LengthTotal,cm,18.5,,Sex,U,Number,k,Total,296.185,,FishingTrip,7,7,574
DN,ES,2025,WGHANSA,pil.27.8c9a,126421,Lan,Q1_27.8.c.e_PS_SPF_>0_0_0,LengthTotal,cm,18.5,,Sex,U,WeightLive,kg,Mean,0.047,,FishingTrip,7,7,574
DN,ES,2025,WGHANSA,pil.27.8c9a,126421,Lan,Q1_27.8.c.e_PS_SPF_>0_0_0,LengthTotal,cm,19,,Sex,U,Number,k,Total,200.894,,FishingTrip,5,5,419
DN,ES,2025,WGHANSA,pil.27.8c9a,126421,Lan,Q1_27.8.c.e_PS_SPF_>0_0_0,LengthTotal,cm,19,,Sex,U,WeightLive,kg,Mean,0.051,,FishingTrip,5,5,419
DN,ES,2025,WGHANSA,pil.27.8c9a,126421,Lan,Q1_27.8.c.e_PS_SPF_>0_0_0,LengthTotal,cm,19.5,,Sex,U,Number,k,Total,137.073,,FishingTrip,5,5,419
DN,ES,2025,WGHANSA,pil.27.8c9a,126421,Lan,Q1_27.8.c.e_PS_SPF_>0_0_0,LengthTotal,cm,19.5,,Sex,U,WeightLive,kg,Mean,0.055,,FishingTrip,5,5,419
DN,ES,2025,WGHANSA,pil.27.8c9a,126421,Lan,Q1_27.8.c.e_PS_SPF_>0_0_0,LengthTotal,cm,20,,Sex,U,Number,k,Total,94.042,,FishingTrip,5,5,419
DN,ES,2025,WGHANSA,pil.27.8c9a,126421,Lan,Q1_27.8.c.e_PS_SPF_>0_0_0,LengthTotal,cm,20,,Sex,U,WeightLive,kg,Mean,0.059,,FishingTrip,5,5,419
DN,ES,2025,WGHANSA,pil.27.8c9a,126421,Lan,Q1_27.8.c.e_PS_SPF_>0_0_0,LengthTotal,cm,20.5,,Sex,U,Number,k,Total,51.759,,FishingTrip,5,5,419
DN,ES,2025,WGHANSA,pil.27.8c9a,126421,Lan,Q1_27.8.c.e_PS_SPF_>0_0_0,LengthTotal,cm,20.5,,Sex,U,WeightLive,kg,Mean,0.063,,FishingTrip,5,5,419
DN,ES,2025,WGHANSA,pil.27.8c9a,126421,Lan,Q1_27.8.c.e_PS_SPF_>0_0_0,LengthTotal,cm,21,,Sex,U,Number,k,Total,34.74,,FishingTrip,5,5,419
DN,ES,2025,WGHANSA,pil.27.8c9a,126421,Lan,Q1_27.8.c.e_PS_SPF_>0_0_0,LengthTotal,cm,21,,Sex,U,WeightLive,kg,Mean,0.068,,FishingTrip,5,5,419
DN,ES,2025,WGHANSA,pil.27.8c9a,126421,Lan,Q1_27.8.c.e_PS_SPF_>0_0_0,LengthTotal,cm,21.5,,Sex,U,Number,k,Total,15.835,,FishingTrip,5,5,419
DN,ES,2025,WGHANSA,pil.27.8c9a,126421,Lan,Q1_27.8.c.e_PS_SPF_>0_0_0,LengthTotal,cm,21.5,,Sex,U,WeightLive,kg,Mean,0.073,,FishingTrip,5,5,419
DN,ES,2025,WGHANSA,pil.27.8c9a,126421,Lan,Q1_27.8.c.e_PS_SPF_>0_0_0,LengthTotal,cm,22,,Sex,U,Number,k,Total,6.141,,FishingTrip,5,5,419
DN,ES,2025,WGHANSA,pil.27.8c9a,126421,Lan,Q1_27.8.c.e_PS_SPF_>0_0_0,LengthTotal,cm,22,,Sex,U,WeightLive,kg,Mean,0.078,,FishingTrip,5,5,419
DN,ES,2025,WGHANSA,pil.27.8c9a,126421,Lan,Q1_27.8.c.w_PS_SPF_>0_0_0,LengthTotal,cm,18,,Sex,U,Number,k,Total,24.548,,FishingTrip,1,1,68
DN,ES,2025,WGHANSA,pil.27.8c9a,126421,Lan,Q1_27.8.c.w_PS_SPF_>0_0_0,LengthTotal,cm,18,,Sex,U,WeightLive,kg,Mean,0.043,,FishingTrip,1,1,68
DN,ES,2025,WGHANSA,pil.27.8c9a,126421,Lan,Q1_27.8.c.w_PS_SPF_>0_0_0,LengthTotal,cm,18.5,,Sex,U,Number,k,Total,24.548,,FishingTrip,1,1,68
DN,ES,2025,WGHANSA,pil.27.8c9a,126421,Lan,Q1_27.8.c.w_PS_SPF_>0_0_0,LengthTotal,cm,18.5,,Sex,U,WeightLive,kg,Mean,0.047,,FishingTrip,1,1,68
DN,ES,2025,WGHANSA,pil.27.8c9a,126421,Lan,Q1_27.8.c.w_PS_SPF_>0_0_0,LengthTotal,cm,19.5,,Sex,U,Number,k,Total,98.193,,FishingTrip,1,1,68
DN,ES,2025,WGHANSA,pil.27.8c9a,126421,Lan,Q1_27.8.c.w_PS_SPF_>0_0_0,LengthTotal,cm,19.5,,Sex,U,WeightLive,kg,Mean,0.055,,FishingTrip,1,1,68
DN,ES,2025,WGHANSA,pil.27.8c9a,126421,Lan,Q1_27.8.c.w_PS_SPF_>0_0_0,LengthTotal,cm,20,,Sex,U,Number,k,Total,368.224,,FishingTrip,1,1,68
DN,ES,2025,WGHANSA,pil.27.8c9a,126421,Lan,Q1_27.8.c.w_PS_SPF_>0_0_0,LengthTotal,cm,20,,Sex,U,WeightLive,kg,Mean,0.059,,FishingTrip,1,1,68
DN,ES,2025,WGHANSA,pil.27.8c9a,126421,Lan,Q1_27.8.c.w_PS_SPF_>0_0_0,LengthTotal,cm,20.5,,Sex,U,Number,k,Total,343.676,,FishingTrip,1,1,68
DN,ES,2025,WGHANSA,pil.27.8c9a,126421,Lan,Q1_27.8.c.w_PS_SPF_>0_0_0,LengthTotal,cm,20.5,,Sex,U,WeightLive,kg,Mean,0.063,,FishingTrip,1,1,68
DN,ES,2025,WGHANSA,pil.27.8c9a,126421,Lan,Q1_27.8.c.w_PS_SPF_>0_0_0,LengthTotal,cm,21,,Sex,U,Number,k,Total,319.127,,FishingTrip,1,1,68
DN,ES,2025,WGHANSA,pil.27.8c9a,126421,Lan,Q1_27.8.c.w_PS_SPF_>0_0_0,LengthTotal,cm,21,,Sex,U,WeightLive,kg,Mean,0.068,,FishingTrip,1,1,68
DN,ES,2025,WGHANSA,pil.27.8c9a,126421,Lan,Q1_27.8.c.w_PS_SPF_>0_0_0,LengthTotal,cm,21.5,,Sex,U,Number,k,Total,319.127,,FishingTrip,1,1,68
DN,ES,2025,WGHANSA,pil.27.8c9a,126421,Lan,Q1_27.8.c.w_PS_SPF_>0_0_0,LengthTotal,cm,21.5,,Sex,U,WeightLive,kg,Mean,0.073,,FishingTrip,1,1,68
DN,ES,2025,WGHANSA,pil.27.8c9a,126421,Lan,Q1_27.8.c.w_PS_SPF_>0_0_0,LengthTotal,cm,22,,Sex,U,Number,k,Total,73.645,,FishingTrip,1,1,68
DN,ES,2025,WGHANSA,pil.27.8c9a,126421,Lan,Q1_27.8.c.w_PS_SPF_>0_0_0,LengthTotal,cm,22,,Sex,U,WeightLive,kg,Mean,0.078,,FishingTrip,1,1,68
DN,ES,2025,WGHANSA,pil.27.8c9a,126421,Lan,Q1_27.8.c.w_PS_SPF_>0_0_0,LengthTotal,cm,22.5,,Sex,U,Number,k,Total,24.548,,FishingTrip,1,1,68
DN,ES,2025,WGHANSA,pil.27.8c9a,126421,Lan,Q1_27.8.c.w_PS_SPF_>0_0_0,LengthTotal,cm,22.5,,Sex,U,WeightLive,kg,Mean,0.083,,FishingTrip,1,1,68
DN,ES,2025,WGHANSA,pil.27.8c9a,126421,Lan,Q1_27.8.c.w_PS_SPF_>0_0_0,LengthTotal,cm,23,,Sex,U,Number,k,Total,49.097,,FishingTrip,1,1,68
DN,ES,2025,WGHANSA,pil.27.8c9a,126421,Lan,Q1_27.8.c.w_PS_SPF_>0_0_0,LengthTotal,cm,23,,Sex,U,WeightLive,kg,Mean,0.088,,FishingTrip,1,1,68
DN,ES,2025,WGHANSA,pil.27.8c9a,126421,Lan,Q1_27.8.c.w_PS_SPF_>0_0_0,LengthTotal,cm,23.5,,Sex,U,Number,k,Total,24.548,,FishingTrip,1,1,68
DN,ES,2025,WGHANSA,pil.27.8c9a,126421,Lan,Q1_27.8.c.w_PS_SPF_>0_0_0,LengthTotal,cm,23.5,,Sex,U,WeightLive,kg,Mean,0.094,,FishingTrip,1,1,68
DN,ES,2025,WGHANSA,pil.27.8c9a,126421,Lan,Q1_27.9.a.n_PS_SPF_>0_0_0,LengthTotal,cm,13.5,,Sex,U,Number,k,Total,19.764,,FishingTrip,7,7,635
DN,ES,2025,WGHANSA,pil.27.8c9a,126421,Lan,Q1_27.9.a.n_PS_SPF_>0_0_0,LengthTotal,cm,13.5,,Sex,U,WeightLive,kg,Mean,0.019,,FishingTrip,7,7,635
DN,ES,2025,WGHANSA,pil.27.8c9a,126421,Lan,Q1_27.9.a.n_PS_SPF_>0_0_0,LengthTotal,cm,14,,Sex,U,Number,k,Total,245.266,,FishingTrip,7,7,635
DN,ES,2025,WGHANSA,pil.27.8c9a,126421,Lan,Q1_27.9.a.n_PS_SPF_>0_0_0,LengthTotal,cm,14,,Sex,U,WeightLive,kg,Mean,0.021,,FishingTrip,7,7,635
DN,ES,2025,WGHANSA,pil.27.8c9a,126421,Lan,Q1_27.9.a.n_PS_SPF_>0_0_0,LengthTotal,cm,14.5,,Sex,U,Number,k,Total,476.702,,FishingTrip,7,7,635
DN,ES,2025,WGHANSA,pil.27.8c9a,126421,Lan,Q1_27.9.a.n_PS_SPF_>0_0_0,LengthTotal,cm,14.5,,Sex,U,WeightLive,kg,Mean,0.023,,FishingTrip,7,7,635
DN,ES,2025,WGHANSA,pil.27.8c9a,126421,Lan,Q1_27.9.a.n_PS_SPF_>0_0_0,LengthTotal,cm,15,,Sex,U,Number,k,Total,267.101,,FishingTrip,7,7,635
DN,ES,2025,WGHANSA,pil.27.8c9a,126421,Lan,Q1_27.9.a.n_PS_SPF_>0_0_0,LengthTotal,cm,15,,Sex,U,WeightLive,kg,Mean,0.026,,FishingTrip,7,7,635
DN,ES,2025,WGHANSA,pil.27.8c9a,126421,Lan,Q1_27.9.a.n_PS_SPF_>0_0_0,LengthTotal,cm,15.5,,Sex,U,Number,k,Total,405.149,,FishingTrip,7,7,635
DN,ES,2025,WGHANSA,pil.27.8c9a,126421,Lan,Q1_27.9.a.n_PS_SPF_>0_0_0,LengthTotal,cm,15.5,,Sex,U,WeightLive,kg,Mean,0.028,,FishingTrip,7,7,635
DN,ES,2025,WGHANSA,pil.27.8c9a,126421,Lan,Q1_27.9.a.n_PS_SPF_>0_0_0,LengthTotal,cm,16,,Sex,U,Number,k,Total,440.59,,FishingTrip,7,7,635
DN,ES,2025,WGHANSA,pil.27.8c9a,126421,Lan,Q1_27.9.a.n_PS_SPF_>0_0_0,LengthTotal,cm,16,,Sex,U,WeightLive,kg,Mean,0.031,,FishingTrip,7,7,635
DN,ES,2025,WGHANSA,pil.27.8c9a,126421,Lan,Q1_27.9.a.n_PS_SPF_>0_0_0,LengthTotal,cm,16.5,,Sex,U,Number,k,Total,892.505,,FishingTrip,7,7,635
DN,ES,2025,WGHANSA,pil.27.8c9a,126421,Lan,Q1_27.9.a.n_PS_SPF_>0_0_0,LengthTotal,cm,16.5,,Sex,U,WeightLive,kg,Mean,0.034,,FishingTrip,7,7,635
DN,ES,2025,WGHANSA,pil.27.8c9a,126421,Lan,Q1_27.9.a.n_PS_SPF_>0_0_0,LengthTotal,cm,17,,Sex,U,Number,k,Total,1420.34,,FishingTrip,7,7,635
DN,ES,2025,WGHANSA,pil.27.8c9a,126421,Lan,Q1_27.9.a.n_PS_SPF_>0_0_0,LengthTotal,cm,17,,Sex,U,WeightLive,kg,Mean,0.037,,FishingTrip,7,7,635
DN,ES,2025,WGHANSA,pil.27.8c9a,126421,Lan,Q1_27.9.a.n_PS_SPF_>0_0_0,LengthTotal,cm,17.5,,Sex,U,Number,k,Total,1855.258,,FishingTrip,7,7,635
DN,ES,2025,WGHANSA,pil.27.8c9a,126421,Lan,Q1_27.9.a.n_PS_SPF_>0_0_0,LengthTotal,cm,17.5,,Sex,U,WeightLive,kg,Mean,0.04,,FishingTrip,7,7,635
DN,ES,2025,WGHANSA,pil.27.8c9a,126421,Lan,Q1_27.9.a.n_PS_SPF_>0_0_0,LengthTotal,cm,18,,Sex,U,Number,k,Total,1480.283,,FishingTrip,7,7,635
DN,ES,2025,WGHANSA,pil.27.8c9a,126421,Lan,Q1_27.9.a.n_PS_SPF_>0_0_0,LengthTotal,cm,18,,Sex,U,WeightLive,kg,Mean,0.043,,FishingTrip,7,7,635
DN,ES,2025,WGHANSA,pil.27.8c9a,126421,Lan,Q1_27.9.a.n_PS_SPF_>0_0_0,LengthTotal,cm,18.5,,Sex,U,Number,k,Total,769.48,,FishingTrip,7,7,635
DN,ES,2025,WGHANSA,pil.27.8c9a,126421,Lan,Q1_27.9.a.n_PS_SPF_>0_0_0,LengthTotal,cm,18.5,,Sex,U,WeightLive,kg,Mean,0.047,,FishingTrip,7,7,635
DN,ES,2025,WGHANSA,pil.27.8c9a,126421,Lan,Q1_27.9.a.n_PS_SPF_>0_0_0,LengthTotal,cm,19,,Sex,U,Number,k,Total,870.302,,FishingTrip,7,7,635
DN,ES,2025,WGHANSA,pil.27.8c9a,126421,Lan,Q1_27.9.a.n_PS_SPF_>0_0_0,LengthTotal,cm,19,,Sex,U,WeightLive,kg,Mean,0.051,,FishingTrip,7,7,635
DN,ES,2025,WGHANSA,pil.27.8c9a,126421,Lan,Q1_27.9.a.n_PS_SPF_>0_0_0,LengthTotal,cm,19.5,,Sex,U,Number,k,Total,1411.376,,FishingTrip,7,7,635
DN,ES,2025,WGHANSA,pil.27.8c9a,126421,Lan,Q1_27.9.a.n_PS_SPF_>0_0_0,LengthTotal,cm,19.5,,Sex,U,WeightLive,kg,Mean,0.055,,FishingTrip,7,7,635
DN,ES,2025,WGHANSA,pil.27.8c9a,126421,Lan,Q1_27.9.a.n_PS_SPF_>0_0_0,LengthTotal,cm,20,,Sex,U,Number,k,Total,1311.756,,FishingTrip,7,7,635
DN,ES,2025,WGHANSA,pil.27.8c9a,126421,Lan,Q1_27.9.a.n_PS_SPF_>0_0_0,LengthTotal,cm,20,,Sex,U,WeightLive,kg,Mean,0.059,,FishingTrip,7,7,635
DN,ES,2025,WGHANSA,pil.27.8c9a,126421,Lan,Q1_27.9.a.n_PS_SPF_>0_0_0,LengthTotal,cm,20.5,,Sex,U,Number,k,Total,772.059,,FishingTrip,7,7,635
DN,ES,2025,WGHANSA,pil.27.8c9a,126421,Lan,Q1_27.9.a.n_PS_SPF_>0_0_0,LengthTotal,cm,20.5,,Sex,U,WeightLive,kg,Mean,0.063,,FishingTrip,7,7,635
DN,ES,2025,WGHANSA,pil.27.8c9a,126421,Lan,Q1_27.9.a.n_PS_SPF_>0_0_0,LengthTotal,cm,21,,Sex,U,Number,k,Total,346.584,,FishingTrip,7,7,635
DN,ES,2025,WGHANSA,pil.27.8c9a,126421,Lan,Q1_27.9.a.n_PS_SPF_>0_0_0,LengthTotal,cm,21,,Sex,U,WeightLive,kg,Mean,0.068,,FishingTrip,7,7,635
DN,ES,2025,WGHANSA,pil.27.8c9a,126421,Lan,Q1_27.9.a.n_PS_SPF_>0_0_0,LengthTotal,cm,21.5,,Sex,U,Number,k,Total,80.267,,FishingTrip,7,7,635
DN,ES,2025,WGHANSA,pil.27.8c9a,126421,Lan,Q1_27.9.a.n_PS_SPF_>0_0_0,LengthTotal,cm,21.5,,Sex,U,WeightLive,kg,Mean,0.073,,FishingTrip,7,7,635
DN,ES,2025,WGHANSA,pil.27.8c9a,126421,Lan,Q1_27.9.a.n_PS_SPF_>0_0_0,LengthTotal,cm,22.5,,Sex,U,Number,k,Total,16.259,,FishingTrip,7,7,635
DN,ES,2025,WGHANSA,pil.27.8c9a,126421,Lan,Q1_27.9.a.n_PS_SPF_>0_0_0,LengthTotal,cm,22.5,,Sex,U,WeightLive,kg,Mean,0.083,,FishingTrip,7,7,635
DN,ES,2025,WGHANSA,pil.27.8c9a,126421,Lan,Q1_27.9.a.s_PS_SPF_>0_0_0,LengthTotal,cm,11.5,,Sex,U,Number,k,Total,1520.161,,FishingTrip,4,4,375
DN,ES,2025,WGHANSA,pil.27.8c9a,126421,Lan,Q1_27.9.a.s_PS_SPF_>0_0_0,LengthTotal,cm,11.5,,Sex,U,WeightLive,kg,Mean,0.012,,FishingTrip,4,4,375
DN,ES,2025,WGHANSA,pil.27.8c9a,126421,Lan,Q1_27.9.a.s_PS_SPF_>0_0_0,LengthTotal,cm,12,,Sex,U,Number,k,Total,2166.251,,FishingTrip,4,4,375
DN,ES,2025,WGHANSA,pil.27.8c9a,126421,Lan,Q1_27.9.a.s_PS_SPF_>0_0_0,LengthTotal,cm,12,,Sex,U,WeightLive,kg,Mean,0.013,,FishingTrip,4,4,375
DN,ES,2025,WGHANSA,pil.27.8c9a,126421,Lan,Q1_27.9.a.s_PS_SPF_>0_0_0,LengthTotal,cm,12.5,,Sex,U,Number,k,Total,6955.145,,FishingTrip,4,4,375
DN,ES,2025,WGHANSA,pil.27.8c9a,126421,Lan,Q1_27.9.a.s_PS_SPF_>0_0_0,LengthTotal,cm,12.5,,Sex,U,WeightLive,kg,Mean,0.015,,FishingTrip,4,4,375
DN,ES,2025,WGHANSA,pil.27.8c9a,126421,Lan,Q1_27.9.a.s_PS_SPF_>0_0_0,LengthTotal,cm,13,,Sex,U,Number,k,Total,8886.475,,FishingTrip,4,4,375
DN,ES,2025,WGHANSA,pil.27.8c9a,126421,Lan,Q1_27.9.a.s_PS_SPF_>0_0_0,LengthTotal,cm,13,,Sex,U,WeightLive,kg,Mean,0.017,,FishingTrip,4,4,375
DN,ES,2025,WGHANSA,pil.27.8c9a,126421,Lan,Q1_27.9.a.s_PS_SPF_>0_0_0,LengthTotal,cm,13.5,,Sex,U,Number,k,Total,11159.348,,FishingTrip,4,4,375
DN,ES,2025,WGHANSA,pil.27.8c9a,126421,Lan,Q1_27.9.a.s_PS_SPF_>0_0_0,LengthTotal,cm,13.5,,Sex,U,WeightLive,kg,Mean,0.019,,FishingTrip,4,4,375
DN,ES,2025,WGHANSA,pil.27.8c9a,126421,Lan,Q1_27.9.a.s_PS_SPF_>0_0_0,LengthTotal,cm,14,,Sex,U,Number,k,Total,7587.08,,FishingTrip,4,4,375
DN,ES,2025,WGHANSA,pil.27.8c9a,126421,Lan,Q1_27.9.a.s_PS_SPF_>0_0_0,LengthTotal,cm,14,,Sex,U,WeightLive,kg,Mean,0.021,,FishingTrip,4,4,375
DN,ES,2025,WGHANSA,pil.27.8c9a,126421,Lan,Q1_27.9.a.s_PS_SPF_>0_0_0,LengthTotal,cm,14.5,,Sex,U,Number,k,Total,6151.314,,FishingTrip,4,4,375
DN,ES,2025,WGHANSA,pil.27.8c9a,126421,Lan,Q1_27.9.a.s_PS_SPF_>0_0_0,LengthTotal,cm,14.5,,Sex,U,WeightLive,kg,Mean,0.023,,FishingTrip,4,4,375
DN,ES,2025,WGHANSA,pil.27.8c9a,126421,Lan,Q1_27.9.a.s_PS_SPF_>0_0_0,LengthTotal,cm,15,,Sex,U,Number,k,Total,3540.077,,FishingTrip,4,4,375
DN,ES,2025,WGHANSA,pil.27.8c9a,126421,Lan,Q1_27.9.a.s_PS_SPF_>0_0_0,LengthTotal,cm,15,,Sex,U,WeightLive,kg,Mean,0.026,,FishingTrip,4,4,375
DN,ES,2025,WGHANSA,pil.27.8c9a,126421,Lan,Q1_27.9.a.s_PS_SPF_>0_0_0,LengthTotal,cm,15.5,,Sex,U,Number,k,Total,2024.415,,FishingTrip,4,4,375
DN,ES,2025,WGHANSA,pil.27.8c9a,126421,Lan,Q1_27.9.a.s_PS_SPF_>0_0_0,LengthTotal,cm,15.5,,Sex,U,WeightLive,kg,Mean,0.028,,FishingTrip,4,4,375
DN,ES,2025,WGHANSA,pil.27.8c9a,126421,Lan,Q1_27.9.a.s_PS_SPF_>0_0_0,LengthTotal,cm,16,,Sex,U,Number,k,Total,625.735,,FishingTrip,4,4,375
DN,ES,2025,WGHANSA,pil.27.8c9a,126421,Lan,Q1_27.9.a.s_PS_SPF_>0_0_0,LengthTotal,cm,16,,Sex,U,WeightLive,kg,Mean,0.031,,FishingTrip,4,4,375
DN,ES,2025,WGHANSA,pil.27.8c9a,126421,Lan,Q1_27.9.a.s_PS_SPF_>0_0_0,LengthTotal,cm,16.5,,Sex,U,Number,k,Total,1450.245,,FishingTrip,4,4,375
DN,ES,2025,WGHANSA,pil.27.8c9a,126421,Lan,Q1_27.9.a.s_PS_SPF_>0_0_0,LengthTotal,cm,16.5,,Sex,U,WeightLive,kg,Mean,0.034,,FishingTrip,4,4,375
DN,ES,2025,WGHANSA,pil.27.8c9a,126421,Lan,Q1_27.9.a.s_PS_SPF_>0_0_0,LengthTotal,cm,17,,Sex,U,Number,k,Total,217.053,,FishingTrip,4,4,375
DN,ES,2025,WGHANSA,pil.27.8c9a,126421,Lan,Q1_27.9.a.s_PS_SPF_>0_0_0,LengthTotal,cm,17,,Sex,U,WeightLive,kg,Mean,0.037,,FishingTrip,4,4,375
DN,ES,2025,WGHANSA,pil.27.8c9a,126421,Lan,Q1_27.9.a.s_PS_SPF_>0_0_0,LengthTotal,cm,17.5,,Sex,U,Number,k,Total,244.882,,FishingTrip,4,4,375
DN,ES,2025,WGHANSA,pil.27.8c9a,126421,Lan,Q1_27.9.a.s_PS_SPF_>0_0_0,LengthTotal,cm,17.5,,Sex,U,WeightLive,kg,Mean,0.04,,FishingTrip,4,4,375
DN,ES,2025,WGHANSA,pil.27.8c9a,126421,Lan,Q1_27.9.a.s_PS_SPF_>0_0_0,LengthTotal,cm,18,,Sex,U,Number,k,Total,179.71,,FishingTrip,4,4,375
DN,ES,2025,WGHANSA,pil.27.8c9a,126421,Lan,Q1_27.9.a.s_PS_SPF_>0_0_0,LengthTotal,cm,18,,Sex,U,WeightLive,kg,Mean,0.043,,FishingTrip,4,4,375
DN,ES,2025,WGHANSA,pil.27.8c9a,126421,Lan,Q1_27.9.a.s_PS_SPF_>0_0_0,LengthTotal,cm,18.5,,Sex,U,Number,k,Total,131.627,,FishingTrip,4,4,375
DN,ES,2025,WGHANSA,pil.27.8c9a,126421,Lan,Q1_27.9.a.s_PS_SPF_>0_0_0,LengthTotal,cm,18.5,,Sex,U,WeightLive,kg,Mean,0.047,,FishingTrip,4,4,375
DN,ES,2025,WGHANSA,pil.27.8c9a,126421,Lan,Q1_27.9.a.s_PS_SPF_>0_0_0,LengthTotal,cm,19,,Sex,U,Number,k,Total,69.36,,FishingTrip,4,4,375
DN,ES,2025,WGHANSA,pil.27.8c9a,126421,Lan,Q1_27.9.a.s_PS_SPF_>0_0_0,LengthTotal,cm,19,,Sex,U,WeightLive,kg,Mean,0.051,,FishingTrip,4,4,375
DN,ES,2025,WGHANSA,pil.27.8c9a,126421,Lan,Q1_27.9.a.s_PS_SPF_>0_0_0,LengthTotal,cm,19.5,,Sex,U,Number,k,Total,11.56,,FishingTrip,4,4,375
DN,ES,2025,WGHANSA,pil.27.8c9a,126421,Lan,Q1_27.9.a.s_PS_SPF_>0_0_0,LengthTotal,cm,19.5,,Sex,U,WeightLive,kg,Mean,0.055,,FishingTrip,4,4,375
DN,ES,2025,WGHANSA,pil.27.8c9a,126421,Lan,Q1_27.9.a.s_PS_SPF_>0_0_0,LengthTotal,cm,20,,Sex,U,Number,k,Total,23.12,,FishingTrip,4,4,375
DN,ES,2025,WGHANSA,pil.27.8c9a,126421,Lan,Q1_27.9.a.s_PS_SPF_>0_0_0,LengthTotal,cm,20,,Sex,U,WeightLive,kg,Mean,0.059,,FishingTrip,4,4,375
DN,ES,2025,WGHANSA,pil.27.8c9a,126421,Lan,Q1_27.9.a.s_PS_SPF_>0_0_0,LengthTotal,cm,20.5,,Sex,U,Number,k,Total,11.56,,FishingTrip,4,4,375
DN,ES,2025,WGHANSA,pil.27.8c9a,126421,Lan,Q1_27.9.a.s_PS_SPF_>0_0_0,LengthTotal,cm,20.5,,Sex,U,WeightLive,kg,Mean,0.063,,FishingTrip,4,4,375
DN,ES,2025,WGHANSA,pil.27.8c9a,126421,Lan,Q2_27.8.c.e_PS_SPF_>0_0_0,LengthTotal,cm,12.5,,Sex,U,Number,k,Total,11.282,,FishingTrip,11,11,1446
DN,ES,2025,WGHANSA,pil.27.8c9a,126421,Lan,Q2_27.8.c.e_PS_SPF_>0_0_0,LengthTotal,cm,12.5,,Sex,U,WeightLive,kg,Mean,0.015,,FishingTrip,11,11,1446
DN,ES,2025,WGHANSA,pil.27.8c9a,126421,Lan,Q2_27.8.c.e_PS_SPF_>0_0_0,LengthTotal,cm,13,,Sex,U,Number,k,Total,297.616,,FishingTrip,14,14,1670
DN,ES,2025,WGHANSA,pil.27.8c9a,126421,Lan,Q2_27.8.c.e_PS_SPF_>0_0_0,LengthTotal,cm,13,,Sex,U,WeightLive,kg,Mean,0.017,,FishingTrip,14,14,1670
DN,ES,2025,WGHANSA,pil.27.8c9a,126421,Lan,Q2_27.8.c.e_PS_SPF_>0_0_0,LengthTotal,cm,13.5,,Sex,U,Number,k,Total,865.652,,FishingTrip,14,14,1670
DN,ES,2025,WGHANSA,pil.27.8c9a,126421,Lan,Q2_27.8.c.e_PS_SPF_>0_0_0,LengthTotal,cm,13.5,,Sex,U,WeightLive,kg,Mean,0.019,,FishingTrip,14,14,1670
DN,ES,2025,WGHANSA,pil.27.8c9a,126421,Lan,Q2_27.8.c.e_PS_SPF_>0_0_0,LengthTotal,cm,14,,Sex,U,Number,k,Total,1957.783,,FishingTrip,14,14,1670
DN,ES,2025,WGHANSA,pil.27.8c9a,126421,Lan,Q2_27.8.c.e_PS_SPF_>0_0_0,LengthTotal,cm,14,,Sex,U,WeightLive,kg,Mean,0.021,,FishingTrip,14,14,1670
DN,ES,2025,WGHANSA,pil.27.8c9a,126421,Lan,Q2_27.8.c.e_PS_SPF_>0_0_0,LengthTotal,cm,14.5,,Sex,U,Number,k,Total,2923.037,,FishingTrip,14,14,1670
DN,ES,2025,WGHANSA,pil.27.8c9a,126421,Lan,Q2_27.8.c.e_PS_SPF_>0_0_0,LengthTotal,cm,14.5,,Sex,U,WeightLive,kg,Mean,0.023,,FishingTrip,14,14,1670
DN,ES,2025,WGHANSA,pil.27.8c9a,126421,Lan,Q2_27.8.c.e_PS_SPF_>0_0_0,LengthTotal,cm,15,,Sex,U,Number,k,Total,4584.109,,FishingTrip,14,14,1670
DN,ES,2025,WGHANSA,pil.27.8c9a,126421,Lan,Q2_27.8.c.e_PS_SPF_>0_0_0,LengthTotal,cm,15,,Sex,U,WeightLive,kg,Mean,0.026,,FishingTrip,14,14,1670
DN,ES,2025,WGHANSA,pil.27.8c9a,126421,Lan,Q2_27.8.c.e_PS_SPF_>0_0_0,LengthTotal,cm,15.5,,Sex,U,Number,k,Total,3229.134,,FishingTrip,14,14,1670
DN,ES,2025,WGHANSA,pil.27.8c9a,126421,Lan,Q2_27.8.c.e_PS_SPF_>0_0_0,LengthTotal,cm,15.5,,Sex,U,WeightLive,kg,Mean,0.028,,FishingTrip,14,14,1670
DN,ES,2025,WGHANSA,pil.27.8c9a,126421,Lan,Q2_27.8.c.e_PS_SPF_>0_0_0,LengthTotal,cm,16,,Sex,U,Number,k,Total,3472.1,,FishingTrip,14,14,1670
DN,ES,2025,WGHANSA,pil.27.8c9a,126421,Lan,Q2_27.8.c.e_PS_SPF_>0_0_0,LengthTotal,cm,16,,Sex,U,WeightLive,kg,Mean,0.031,,FishingTrip,14,14,1670
DN,ES,2025,WGHANSA,pil.27.8c9a,126421,Lan,Q2_27.8.c.e_PS_SPF_>0_0_0,LengthTotal,cm,16.5,,Sex,U,Number,k,Total,2250.696,,FishingTrip,14,14,1670
DN,ES,2025,WGHANSA,pil.27.8c9a,126421,Lan,Q2_27.8.c.e_PS_SPF_>0_0_0,LengthTotal,cm,16.5,,Sex,U,WeightLive,kg,Mean,0.034,,FishingTrip,14,14,1670
DN,ES,2025,WGHANSA,pil.27.8c9a,126421,Lan,Q2_27.8.c.e_PS_SPF_>0_0_0,LengthTotal,cm,17,,Sex,U,Number,k,Total,2087.814,,FishingTrip,14,14,1670
DN,ES,2025,WGHANSA,pil.27.8c9a,126421,Lan,Q2_27.8.c.e_PS_SPF_>0_0_0,LengthTotal,cm,17,,Sex,U,WeightLive,kg,Mean,0.037,,FishingTrip,14,14,1670
DN,ES,2025,WGHANSA,pil.27.8c9a,126421,Lan,Q2_27.8.c.e_PS_SPF_>0_0_0,LengthTotal,cm,17.5,,Sex,U,Number,k,Total,1308.802,,FishingTrip,11,11,1446
DN,ES,2025,WGHANSA,pil.27.8c9a,126421,Lan,Q2_27.8.c.e_PS_SPF_>0_0_0,LengthTotal,cm,17.5,,Sex,U,WeightLive,kg,Mean,0.04,,FishingTrip,11,11,1446
DN,ES,2025,WGHANSA,pil.27.8c9a,126421,Lan,Q2_27.8.c.e_PS_SPF_>0_0_0,LengthTotal,cm,18,,Sex,U,Number,k,Total,1276.37,,FishingTrip,14,14,1670
DN,ES,2025,WGHANSA,pil.27.8c9a,126421,Lan,Q2_27.8.c.e_PS_SPF_>0_0_0,LengthTotal,cm,18,,Sex,U,WeightLive,kg,Mean,0.043,,FishingTrip,14,14,1670
DN,ES,2025,WGHANSA,pil.27.8c9a,126421,Lan,Q2_27.8.c.e_PS_SPF_>0_0_0,LengthTotal,cm,18.5,,Sex,U,Number,k,Total,1399.799,,FishingTrip,14,14,1670
DN,ES,2025,WGHANSA,pil.27.8c9a,126421,Lan,Q2_27.8.c.e_PS_SPF_>0_0_0,LengthTotal,cm,18.5,,Sex,U,WeightLive,kg,Mean,0.047,,FishingTrip,14,14,1670
DN,ES,2025,WGHANSA,pil.27.8c9a,126421,Lan,Q2_27.8.c.e_PS_SPF_>0_0_0,LengthTotal,cm,19,,Sex,U,Number,k,Total,1079.059,,FishingTrip,11,11,1446
DN,ES,2025,WGHANSA,pil.27.8c9a,126421,Lan,Q2_27.8.c.e_PS_SPF_>0_0_0,LengthTotal,cm,19,,Sex,U,WeightLive,kg,Mean,0.051,,FishingTrip,11,11,1446
DN,ES,2025,WGHANSA,pil.27.8c9a,126421,Lan,Q2_27.8.c.e_PS_SPF_>0_0_0,LengthTotal,cm,19.5,,Sex,U,Number,k,Total,994.461,,FishingTrip,14,14,1670
DN,ES,2025,WGHANSA,pil.27.8c9a,126421,Lan,Q2_27.8.c.e_PS_SPF_>0_0_0,LengthTotal,cm,19.5,,Sex,U,WeightLive,kg,Mean,0.055,,FishingTrip,14,14,1670
DN,ES,2025,WGHANSA,pil.27.8c9a,126421,Lan,Q2_27.8.c.e_PS_SPF_>0_0_0,LengthTotal,cm,20,,Sex,U,Number,k,Total,1113.393,,FishingTrip,11,11,1446
DN,ES,2025,WGHANSA,pil.27.8c9a,126421,Lan,Q2_27.8.c.e_PS_SPF_>0_0_0,LengthTotal,cm,20,,Sex,U,WeightLive,kg,Mean,0.059,,FishingTrip,11,11,1446
DN,ES,2025,WGHANSA,pil.27.8c9a,126421,Lan,Q2_27.8.c.e_PS_SPF_>0_0_0,LengthTotal,cm,20.5,,Sex,U,Number,k,Total,278.434,,FishingTrip,11,11,1446
DN,ES,2025,WGHANSA,pil.27.8c9a,126421,Lan,Q2_27.8.c.e_PS_SPF_>0_0_0,LengthTotal,cm,20.5,,Sex,U,WeightLive,kg,Mean,0.063,,FishingTrip,11,11,1446
DN,ES,2025,WGHANSA,pil.27.8c9a,126421,Lan,Q2_27.8.c.e_PS_SPF_>0_0_0,LengthTotal,cm,21,,Sex,U,Number,k,Total,262.037,,FishingTrip,11,11,1446
DN,ES,2025,WGHANSA,pil.27.8c9a,126421,Lan,Q2_27.8.c.e_PS_SPF_>0_0_0,LengthTotal,cm,21,,Sex,U,WeightLive,kg,Mean,0.068,,FishingTrip,11,11,1446
DN,ES,2025,WGHANSA,pil.27.8c9a,126421,Lan,Q2_27.8.c.e_PS_SPF_>0_0_0,LengthTotal,cm,21.5,,Sex,U,Number,k,Total,159.589,,FishingTrip,11,11,1446
DN,ES,2025,WGHANSA,pil.27.8c9a,126421,Lan,Q2_27.8.c.e_PS_SPF_>0_0_0,LengthTotal,cm,21.5,,Sex,U,WeightLive,kg,Mean,0.073,,FishingTrip,11,11,1446
DN,ES,2025,WGHANSA,pil.27.8c9a,126421,Lan,Q2_27.8.c.e_PS_SPF_>0_0_0,LengthTotal,cm,22,,Sex,U,Number,k,Total,38.012,,FishingTrip,11,11,1446
DN,ES,2025,WGHANSA,pil.27.8c9a,126421,Lan,Q2_27.8.c.e_PS_SPF_>0_0_0,LengthTotal,cm,22,,Sex,U,WeightLive,kg,Mean,0.078,,FishingTrip,11,11,1446
DN,ES,2025,WGHANSA,pil.27.8c9a,126421,Lan,Q2_27.8.c.e_PS_SPF_>0_0_0,LengthTotal,cm,22.5,,Sex,U,Number,k,Total,30.261,,FishingTrip,11,11,1446
DN,ES,2025,WGHANSA,pil.27.8c9a,126421,Lan,Q2_27.8.c.e_PS_SPF_>0_0_0,LengthTotal,cm,22.5,,Sex,U,WeightLive,kg,Mean,0.083,,FishingTrip,11,11,1446
DN,ES,2025,WGHANSA,pil.27.8c9a,126421,Lan,Q2_27.8.c.e_PS_SPF_>0_0_0,LengthTotal,cm,23,,Sex,U,Number,k,Total,28.046,,FishingTrip,11,11,1446
DN,ES,2025,WGHANSA,pil.27.8c9a,126421,Lan,Q2_27.8.c.e_PS_SPF_>0_0_0,LengthTotal,cm,23,,Sex,U,WeightLive,kg,Mean,0.088,,FishingTrip,11,11,1446
DN,ES,2025,WGHANSA,pil.27.8c9a,126421,Lan,Q2_27.8.c.w_PS_SPF_>0_0_0,LengthTotal,cm,16,,Sex,U,Number,k,Total,397.154,,FishingTrip,2,2,117
DN,ES,2025,WGHANSA,pil.27.8c9a,126421,Lan,Q2_27.8.c.w_PS_SPF_>0_0_0,LengthTotal,cm,16,,Sex,U,WeightLive,kg,Mean,0.031,,FishingTrip,2,2,117
DN,ES,2025,WGHANSA,pil.27.8c9a,126421,Lan,Q2_27.8.c.w_PS_SPF_>0_0_0,LengthTotal,cm,16.5,,Sex,U,Number,k,Total,933.217,,FishingTrip,2,2,117
DN,ES,2025,WGHANSA,pil.27.8c9a,126421,Lan,Q2_27.8.c.w_PS_SPF_>0_0_0,LengthTotal,cm,16.5,,Sex,U,WeightLive,kg,Mean,0.034,,FishingTrip,2,2,117
DN,ES,2025,WGHANSA,pil.27.8c9a,126421,Lan,Q2_27.8.c.w_PS_SPF_>0_0_0,LengthTotal,cm,17,,Sex,U,Number,k,Total,2402.496,,FishingTrip,2,2,117
DN,ES,2025,WGHANSA,pil.27.8c9a,126421,Lan,Q2_27.8.c.w_PS_SPF_>0_0_0,LengthTotal,cm,17,,Sex,U,WeightLive,kg,Mean,0.037,,FishingTrip,2,2,117
DN,ES,2025,WGHANSA,pil.27.8c9a,126421,Lan,Q2_27.8.c.w_PS_SPF_>0_0_0,LengthTotal,cm,17.5,,Sex,U,Number,k,Total,3196.804,,FishingTrip,2,2,117
DN,ES,2025,WGHANSA,pil.27.8c9a,126421,Lan,Q2_27.8.c.w_PS_SPF_>0_0_0,LengthTotal,cm,17.5,,Sex,U,WeightLive,kg,Mean,0.04,,FishingTrip,2,2,117
DN,ES,2025,WGHANSA,pil.27.8c9a,126421,Lan,Q2_27.8.c.w_PS_SPF_>0_0_0,LengthTotal,cm,18,,Sex,U,Number,k,Total,3494.194,,FishingTrip,2,2,117
DN,ES,2025,WGHANSA,pil.27.8c9a,126421,Lan,Q2_27.8.c.w_PS_SPF_>0_0_0,LengthTotal,cm,18,,Sex,U,WeightLive,kg,Mean,0.043,,FishingTrip,2,2,117
DN,ES,2025,WGHANSA,pil.27.8c9a,126421,Lan,Q2_27.8.c.w_PS_SPF_>0_0_0,LengthTotal,cm,18.5,,Sex,U,Number,k,Total,5260.863,,FishingTrip,2,2,117
DN,ES,2025,WGHANSA,pil.27.8c9a,126421,Lan,Q2_27.8.c.w_PS_SPF_>0_0_0,LengthTotal,cm,18.5,,Sex,U,WeightLive,kg,Mean,0.047,,FishingTrip,2,2,117
DN,ES,2025,WGHANSA,pil.27.8c9a,126421,Lan,Q2_27.8.c.w_PS_SPF_>0_0_0,LengthTotal,cm,19,,Sex,U,Number,k,Total,3513.766,,FishingTrip,2,2,117
DN,ES,2025,WGHANSA,pil.27.8c9a,126421,Lan,Q2_27.8.c.w_PS_SPF_>0_0_0,LengthTotal,cm,19,,Sex,U,WeightLive,kg,Mean,0.051,,FishingTrip,2,2,117
DN,ES,2025,WGHANSA,pil.27.8c9a,126421,Lan,Q2_27.8.c.w_PS_SPF_>0_0_0,LengthTotal,cm,19.5,,Sex,U,Number,k,Total,2283.16,,FishingTrip,2,2,117
DN,ES,2025,WGHANSA,pil.27.8c9a,126421,Lan,Q2_27.8.c.w_PS_SPF_>0_0_0,LengthTotal,cm,19.5,,Sex,U,WeightLive,kg,Mean,0.055,,FishingTrip,2,2,117
DN,ES,2025,WGHANSA,pil.27.8c9a,126421,Lan,Q2_27.8.c.w_PS_SPF_>0_0_0,LengthTotal,cm,20,,Sex,U,Number,k,Total,4963.473,,FishingTrip,2,2,117
DN,ES,2025,WGHANSA,pil.27.8c9a,126421,Lan,Q2_27.8.c.w_PS_SPF_>0_0_0,LengthTotal,cm,20,,Sex,U,WeightLive,kg,Mean,0.059,,FishingTrip,2,2,117
DN,ES,2025,WGHANSA,pil.27.8c9a,126421,Lan,Q2_27.8.c.w_PS_SPF_>0_0_0,LengthTotal,cm,20.5,,Sex,U,Number,k,Total,1608.188,,FishingTrip,2,2,117
DN,ES,2025,WGHANSA,pil.27.8c9a,126421,Lan,Q2_27.8.c.w_PS_SPF_>0_0_0,LengthTotal,cm,20.5,,Sex,U,WeightLive,kg,Mean,0.063,,FishingTrip,2,2,117
DN,ES,2025,WGHANSA,pil.27.8c9a,126421,Lan,Q2_27.8.c.w_PS_SPF_>0_0_0,LengthTotal,cm,21,,Sex,U,Number,k,Total,813.88,,FishingTrip,2,2,117
DN,ES,2025,WGHANSA,pil.27.8c9a,126421,Lan,Q2_27.8.c.w_PS_SPF_>0_0_0,LengthTotal,cm,21,,Sex,U,WeightLive,kg,Mean,0.068,,FishingTrip,2,2,117
DN,ES,2025,WGHANSA,pil.27.8c9a,126421,Lan,Q2_27.8.c.w_PS_SPF_>0_0_0,LengthTotal,cm,21.5,,Sex,U,Number,k,Total,794.308,,FishingTrip,2,2,117
DN,ES,2025,WGHANSA,pil.27.8c9a,126421,Lan,Q2_27.8.c.w_PS_SPF_>0_0_0,LengthTotal,cm,21.5,,Sex,U,WeightLive,kg,Mean,0.073,,FishingTrip,2,2,117
DN,ES,2025,WGHANSA,pil.27.8c9a,126421,Lan,Q2_27.8.c.w_PS_SPF_>0_0_0,LengthTotal,cm,22.5,,Sex,U,Number,k,Total,397.154,,FishingTrip,2,2,117
DN,ES,2025,WGHANSA,pil.27.8c9a,126421,Lan,Q2_27.8.c.w_PS_SPF_>0_0_0,LengthTotal,cm,22.5,,Sex,U,WeightLive,kg,Mean,0.083,,FishingTrip,2,2,117
DN,ES,2025,WGHANSA,pil.27.8c9a,126421,Lan,Q2_27.8.c.w_PS_SPF_>0_0_0,LengthTotal,cm,24,,Sex,U,Number,k,Total,397.154,,FishingTrip,2,2,117
DN,ES,2025,WGHANSA,pil.27.8c9a,126421,Lan,Q2_27.8.c.w_PS_SPF_>0_0_0,LengthTotal,cm,24,,Sex,U,WeightLive,kg,Mean,0.1,,FishingTrip,2,2,117
DN,ES,2025,WGHANSA,pil.27.8c9a,126421,Lan,Q2_27.9.a.n_PS_SPF_>0_0_0,LengthTotal,cm,14,,Sex,U,Number,k,Total,322.64,,FishingTrip,30,30,4752
DN,ES,2025,WGHANSA,pil.27.8c9a,126421,Lan,Q2_27.9.a.n_PS_SPF_>0_0_0,LengthTotal,cm,14,,Sex,U,WeightLive,kg,Mean,0.021,,FishingTrip,30,30,4752
DN,ES,2025,WGHANSA,pil.27.8c9a,126421,Lan,Q2_27.9.a.n_PS_SPF_>0_0_0,LengthTotal,cm,14.5,,Sex,U,Number,k,Total,1628.103,,FishingTrip,30,30,4752
DN,ES,2025,WGHANSA,pil.27.8c9a,126421,Lan,Q2_27.9.a.n_PS_SPF_>0_0_0,LengthTotal,cm,14.5,,Sex,U,WeightLive,kg,Mean,0.023,,FishingTrip,30,30,4752
DN,ES,2025,WGHANSA,pil.27.8c9a,126421,Lan,Q2_27.9.a.n_PS_SPF_>0_0_0,LengthTotal,cm,15,,Sex,U,Number,k,Total,2555.405,,FishingTrip,30,30,4752
DN,ES,2025,WGHANSA,pil.27.8c9a,126421,Lan,Q2_27.9.a.n_PS_SPF_>0_0_0,LengthTotal,cm,15,,Sex,U,WeightLive,kg,Mean,0.026,,FishingTrip,30,30,4752
DN,ES,2025,WGHANSA,pil.27.8c9a,126421,Lan,Q2_27.9.a.n_PS_SPF_>0_0_0,LengthTotal,cm,15.5,,Sex,U,Number,k,Total,2776.067,,FishingTrip,30,30,4752
DN,ES,2025,WGHANSA,pil.27.8c9a,126421,Lan,Q2_27.9.a.n_PS_SPF_>0_0_0,LengthTotal,cm,15.5,,Sex,U,WeightLive,kg,Mean,0.028,,FishingTrip,30,30,4752
DN,ES,2025,WGHANSA,pil.27.8c9a,126421,Lan,Q2_27.9.a.n_PS_SPF_>0_0_0,LengthTotal,cm,16,,Sex,U,Number,k,Total,2777.649,,FishingTrip,30,30,4752
DN,ES,2025,WGHANSA,pil.27.8c9a,126421,Lan,Q2_27.9.a.n_PS_SPF_>0_0_0,LengthTotal,cm,16,,Sex,U,WeightLive,kg,Mean,0.031,,FishingTrip,30,30,4752
DN,ES,2025,WGHANSA,pil.27.8c9a,126421,Lan,Q2_27.9.a.n_PS_SPF_>0_0_0,LengthTotal,cm,16.5,,Sex,U,Number,k,Total,2661.172,,FishingTrip,30,30,4752
DN,ES,2025,WGHANSA,pil.27.8c9a,126421,Lan,Q2_27.9.a.n_PS_SPF_>0_0_0,LengthTotal,cm,16.5,,Sex,U,WeightLive,kg,Mean,0.034,,FishingTrip,30,30,4752
DN,ES,2025,WGHANSA,pil.27.8c9a,126421,Lan,Q2_27.9.a.n_PS_SPF_>0_0_0,LengthTotal,cm,17,,Sex,U,Number,k,Total,3312.869,,FishingTrip,30,30,4752
DN,ES,2025,WGHANSA,pil.27.8c9a,126421,Lan,Q2_27.9.a.n_PS_SPF_>0_0_0,LengthTotal,cm,17,,Sex,U,WeightLive,kg,Mean,0.037,,FishingTrip,30,30,4752
DN,ES,2025,WGHANSA,pil.27.8c9a,126421,Lan,Q2_27.9.a.n_PS_SPF_>0_0_0,LengthTotal,cm,17.5,,Sex,U,Number,k,Total,3822.98,,FishingTrip,30,30,4752
DN,ES,2025,WGHANSA,pil.27.8c9a,126421,Lan,Q2_27.9.a.n_PS_SPF_>0_0_0,LengthTotal,cm,17.5,,Sex,U,WeightLive,kg,Mean,0.04,,FishingTrip,30,30,4752
DN,ES,2025,WGHANSA,pil.27.8c9a,126421,Lan,Q2_27.9.a.n_PS_SPF_>0_0_0,LengthTotal,cm,18,,Sex,U,Number,k,Total,3012.028,,FishingTrip,30,30,4752
DN,ES,2025,WGHANSA,pil.27.8c9a,126421,Lan,Q2_27.9.a.n_PS_SPF_>0_0_0,LengthTotal,cm,18,,Sex,U,WeightLive,kg,Mean,0.043,,FishingTrip,30,30,4752
DN,ES,2025,WGHANSA,pil.27.8c9a,126421,Lan,Q2_27.9.a.n_PS_SPF_>0_0_0,LengthTotal,cm,18.5,,Sex,U,Number,k,Total,3746.719,,FishingTrip,30,30,4752
DN,ES,2025,WGHANSA,pil.27.8c9a,126421,Lan,Q2_27.9.a.n_PS_SPF_>0_0_0,LengthTotal,cm,18.5,,Sex,U,WeightLive,kg,Mean,0.047,,FishingTrip,30,30,4752
DN,ES,2025,WGHANSA,pil.27.8c9a,126421,Lan,Q2_27.9.a.n_PS_SPF_>0_0_0,LengthTotal,cm,19,,Sex,U,Number,k,Total,5571.699,,FishingTrip,30,30,4752
DN,ES,2025,WGHANSA,pil.27.8c9a,126421,Lan,Q2_27.9.a.n_PS_SPF_>0_0_0,LengthTotal,cm,19,,Sex,U,WeightLive,kg,Mean,0.051,,FishingTrip,30,30,4752
DN,ES,2025,WGHANSA,pil.27.8c9a,126421,Lan,Q2_27.9.a.n_PS_SPF_>0_0_0,LengthTotal,cm,19.5,,Sex,U,Number,k,Total,7263.263,,FishingTrip,30,30,4752
DN,ES,2025,WGHANSA,pil.27.8c9a,126421,Lan,Q2_27.9.a.n_PS_SPF_>0_0_0,LengthTotal,cm,19.5,,Sex,U,WeightLive,kg,Mean,0.055,,FishingTrip,30,30,4752
DN,ES,2025,WGHANSA,pil.27.8c9a,126421,Lan,Q2_27.9.a.n_PS_SPF_>0_0_0,LengthTotal,cm,20,,Sex,U,Number,k,Total,10180.143,,FishingTrip,30,30,4752
DN,ES,2025,WGHANSA,pil.27.8c9a,126421,Lan,Q2_27.9.a.n_PS_SPF_>0_0_0,LengthTotal,cm,20,,Sex,U,WeightLive,kg,Mean,0.059,,FishingTrip,30,30,4752
DN,ES,2025,WGHANSA,pil.27.8c9a,126421,Lan,Q2_27.9.a.n_PS_SPF_>0_0_0,LengthTotal,cm,20.5,,Sex,U,Number,k,Total,10841.61,,FishingTrip,30,30,4752
DN,ES,2025,WGHANSA,pil.27.8c9a,126421,Lan,Q2_27.9.a.n_PS_SPF_>0_0_0,LengthTotal,cm,20.5,,Sex,U,WeightLive,kg,Mean,0.063,,FishingTrip,30,30,4752
DN,ES,2025,WGHANSA,pil.27.8c9a,126421,Lan,Q2_27.9.a.n_PS_SPF_>0_0_0,LengthTotal,cm,21,,Sex,U,Number,k,Total,7172.514,,FishingTrip,30,30,4752
DN,ES,2025,WGHANSA,pil.27.8c9a,126421,Lan,Q2_27.9.a.n_PS_SPF_>0_0_0,LengthTotal,cm,21,,Sex,U,WeightLive,kg,Mean,0.068,,FishingTrip,30,30,4752
DN,ES,2025,WGHANSA,pil.27.8c9a,126421,Lan,Q2_27.9.a.n_PS_SPF_>0_0_0,LengthTotal,cm,21.5,,Sex,U,Number,k,Total,3699.278,,FishingTrip,30,30,4752
DN,ES,2025,WGHANSA,pil.27.8c9a,126421,Lan,Q2_27.9.a.n_PS_SPF_>0_0_0,LengthTotal,cm,21.5,,Sex,U,WeightLive,kg,Mean,0.073,,FishingTrip,30,30,4752
DN,ES,2025,WGHANSA,pil.27.8c9a,126421,Lan,Q2_27.9.a.n_PS_SPF_>0_0_0,LengthTotal,cm,22,,Sex,U,Number,k,Total,1900.894,,FishingTrip,30,30,4752
DN,ES,2025,WGHANSA,pil.27.8c9a,126421,Lan,Q2_27.9.a.n_PS_SPF_>0_0_0,LengthTotal,cm,22,,Sex,U,WeightLive,kg,Mean,0.078,,FishingTrip,30,30,4752
DN,ES,2025,WGHANSA,pil.27.8c9a,126421,Lan,Q2_27.9.a.n_PS_SPF_>0_0_0,LengthTotal,cm,22.5,,Sex,U,Number,k,Total,508.731,,FishingTrip,30,30,4752
DN,ES,2025,WGHANSA,pil.27.8c9a,126421,Lan,Q2_27.9.a.n_PS_SPF_>0_0_0,LengthTotal,cm,22.5,,Sex,U,WeightLive,kg,Mean,0.083,,FishingTrip,30,30,4752
DN,ES,2025,WGHANSA,pil.27.8c9a,126421,Lan,Q2_27.9.a.n_PS_SPF_>0_0_0,LengthTotal,cm,23,,Sex,U,Number,k,Total,141.757,,FishingTrip,30,30,4752
DN,ES,2025,WGHANSA,pil.27.8c9a,126421,Lan,Q2_27.9.a.n_PS_SPF_>0_0_0,LengthTotal,cm,23,,Sex,U,WeightLive,kg,Mean,0.088,,FishingTrip,30,30,4752
DN,ES,2025,WGHANSA,pil.27.8c9a,126421,Lan,Q2_27.9.a.n_PS_SPF_>0_0_0,LengthTotal,cm,23.5,,Sex,U,Number,k,Total,27.838,,FishingTrip,30,30,4752
DN,ES,2025,WGHANSA,pil.27.8c9a,126421,Lan,Q2_27.9.a.n_PS_SPF_>0_0_0,LengthTotal,cm,23.5,,Sex,U,WeightLive,kg,Mean,0.094,,FishingTrip,30,30,4752
DN,ES,2025,WGHANSA,pil.27.8c9a,126421,Lan,Q2_27.9.a.s_PS_SPF_>0_0_0,LengthTotal,cm,10,,Sex,U,Number,k,Total,188.854,,FishingTrip,6,6,703
DN,ES,2025,WGHANSA,pil.27.8c9a,126421,Lan,Q2_27.9.a.s_PS_SPF_>0_0_0,LengthTotal,cm,10,,Sex,U,WeightLive,kg,Mean,0.008,,FishingTrip,6,6,703
DN,ES,2025,WGHANSA,pil.27.8c9a,126421,Lan,Q2_27.9.a.s_PS_SPF_>0_0_0,LengthTotal,cm,10.5,,Sex,U,Number,k,Total,94.427,,FishingTrip,6,6,703
DN,ES,2025,WGHANSA,pil.27.8c9a,126421,Lan,Q2_27.9.a.s_PS_SPF_>0_0_0,LengthTotal,cm,10.5,,Sex,U,WeightLive,kg,Mean,0.009,,FishingTrip,6,6,703
DN,ES,2025,WGHANSA,pil.27.8c9a,126421,Lan,Q2_27.9.a.s_PS_SPF_>0_0_0,LengthTotal,cm,11,,Sex,U,Number,k,Total,404.799,,FishingTrip,6,6,703
DN,ES,2025,WGHANSA,pil.27.8c9a,126421,Lan,Q2_27.9.a.s_PS_SPF_>0_0_0,LengthTotal,cm,11,,Sex,U,WeightLive,kg,Mean,0.011,,FishingTrip,6,6,703
DN,ES,2025,WGHANSA,pil.27.8c9a,126421,Lan,Q2_27.9.a.s_PS_SPF_>0_0_0,LengthTotal,cm,11.5,,Sex,U,Number,k,Total,2517.772,,FishingTrip,6,6,703
DN,ES,2025,WGHANSA,pil.27.8c9a,126421,Lan,Q2_27.9.a.s_PS_SPF_>0_0_0,LengthTotal,cm,11.5,,Sex,U,WeightLive,kg,Mean,0.012,,FishingTrip,6,6,703
DN,ES,2025,WGHANSA,pil.27.8c9a,126421,Lan,Q2_27.9.a.s_PS_SPF_>0_0_0,LengthTotal,cm,12,,Sex,U,Number,k,Total,3382.56,,FishingTrip,6,6,703
DN,ES,2025,WGHANSA,pil.27.8c9a,126421,Lan,Q2_27.9.a.s_PS_SPF_>0_0_0,LengthTotal,cm,12,,Sex,U,WeightLive,kg,Mean,0.013,,FishingTrip,6,6,703
DN,ES,2025,WGHANSA,pil.27.8c9a,126421,Lan,Q2_27.9.a.s_PS_SPF_>0_0_0,LengthTotal,cm,12.5,,Sex,U,Number,k,Total,3824.647,,FishingTrip,6,6,703
DN,ES,2025,WGHANSA,pil.27.8c9a,126421,Lan,Q2_27.9.a.s_PS_SPF_>0_0_0,LengthTotal,cm,12.5,,Sex,U,WeightLive,kg,Mean,0.015,,FishingTrip,6,6,703
DN,ES,2025,WGHANSA,pil.27.8c9a,126421,Lan,Q2_27.9.a.s_PS_SPF_>0_0_0,LengthTotal,cm,13,,Sex,U,Number,k,Total,2724.81,,FishingTrip,6,6,703
DN,ES,2025,WGHANSA,pil.27.8c9a,126421,Lan,Q2_27.9.a.s_PS_SPF_>0_0_0,LengthTotal,cm,13,,Sex,U,WeightLive,kg,Mean,0.017,,FishingTrip,6,6,703
DN,ES,2025,WGHANSA,pil.27.8c9a,126421,Lan,Q2_27.9.a.s_PS_SPF_>0_0_0,LengthTotal,cm,13.5,,Sex,U,Number,k,Total,3830.573,,FishingTrip,6,6,703
DN,ES,2025,WGHANSA,pil.27.8c9a,126421,Lan,Q2_27.9.a.s_PS_SPF_>0_0_0,LengthTotal,cm,13.5,,Sex,U,WeightLive,kg,Mean,0.019,,FishingTrip,6,6,703
DN,ES,2025,WGHANSA,pil.27.8c9a,126421,Lan,Q2_27.9.a.s_PS_SPF_>0_0_0,LengthTotal,cm,14,,Sex,U,Number,k,Total,3390.91,,FishingTrip,6,6,703
DN,ES,2025,WGHANSA,pil.27.8c9a,126421,Lan,Q2_27.9.a.s_PS_SPF_>0_0_0,LengthTotal,cm,14,,Sex,U,WeightLive,kg,Mean,0.021,,FishingTrip,6,6,703
DN,ES,2025,WGHANSA,pil.27.8c9a,126421,Lan,Q2_27.9.a.s_PS_SPF_>0_0_0,LengthTotal,cm,14.5,,Sex,U,Number,k,Total,3829.505,,FishingTrip,6,6,703
DN,ES,2025,WGHANSA,pil.27.8c9a,126421,Lan,Q2_27.9.a.s_PS_SPF_>0_0_0,LengthTotal,cm,14.5,,Sex,U,WeightLive,kg,Mean,0.023,,FishingTrip,6,6,703
DN,ES,2025,WGHANSA,pil.27.8c9a,126421,Lan,Q2_27.9.a.s_PS_SPF_>0_0_0,LengthTotal,cm,15,,Sex,U,Number,k,Total,3375.516,,FishingTrip,6,6,703
DN,ES,2025,WGHANSA,pil.27.8c9a,126421,Lan,Q2_27.9.a.s_PS_SPF_>0_0_0,LengthTotal,cm,15,,Sex,U,WeightLive,kg,Mean,0.026,,FishingTrip,6,6,703
DN,ES,2025,WGHANSA,pil.27.8c9a,126421,Lan,Q2_27.9.a.s_PS_SPF_>0_0_0,LengthTotal,cm,15.5,,Sex,U,Number,k,Total,4059.869,,FishingTrip,6,6,703
DN,ES,2025,WGHANSA,pil.27.8c9a,126421,Lan,Q2_27.9.a.s_PS_SPF_>0_0_0,LengthTotal,cm,15.5,,Sex,U,WeightLive,kg,Mean,0.028,,FishingTrip,6,6,703
DN,ES,2025,WGHANSA,pil.27.8c9a,126421,Lan,Q2_27.9.a.s_PS_SPF_>0_0_0,LengthTotal,cm,16,,Sex,U,Number,k,Total,2206.91,,FishingTrip,6,6,703
DN,ES,2025,WGHANSA,pil.27.8c9a,126421,Lan,Q2_27.9.a.s_PS_SPF_>0_0_0,LengthTotal,cm,16,,Sex,U,WeightLive,kg,Mean,0.031,,FishingTrip,6,6,703
DN,ES,2025,WGHANSA,pil.27.8c9a,126421,Lan,Q2_27.9.a.s_PS_SPF_>0_0_0,LengthTotal,cm,16.5,,Sex,U,Number,k,Total,1384.836,,FishingTrip,6,6,703
DN,ES,2025,WGHANSA,pil.27.8c9a,126421,Lan,Q2_27.9.a.s_PS_SPF_>0_0_0,LengthTotal,cm,16.5,,Sex,U,WeightLive,kg,Mean,0.034,,FishingTrip,6,6,703
DN,ES,2025,WGHANSA,pil.27.8c9a,126421,Lan,Q2_27.9.a.s_PS_SPF_>0_0_0,LengthTotal,cm,17,,Sex,U,Number,k,Total,754.132,,FishingTrip,6,6,703
DN,ES,2025,WGHANSA,pil.27.8c9a,126421,Lan,Q2_27.9.a.s_PS_SPF_>0_0_0,LengthTotal,cm,17,,Sex,U,WeightLive,kg,Mean,0.037,,FishingTrip,6,6,703
DN,ES,2025,WGHANSA,pil.27.8c9a,126421,Lan,Q2_27.9.a.s_PS_SPF_>0_0_0,LengthTotal,cm,17.5,,Sex,U,Number,k,Total,381.393,,FishingTrip,6,6,703
DN,ES,2025,WGHANSA,pil.27.8c9a,126421,Lan,Q2_27.9.a.s_PS_SPF_>0_0_0,LengthTotal,cm,17.5,,Sex,U,WeightLive,kg,Mean,0.04,,FishingTrip,6,6,703
DN,ES,2025,WGHANSA,pil.27.8c9a,126421,Lan,Q2_27.9.a.s_PS_SPF_>0_0_0,LengthTotal,cm,18,,Sex,U,Number,k,Total,171.009,,FishingTrip,6,6,703
DN,ES,2025,WGHANSA,pil.27.8c9a,126421,Lan,Q2_27.9.a.s_PS_SPF_>0_0_0,LengthTotal,cm,18,,Sex,U,WeightLive,kg,Mean,0.043,,FishingTrip,6,6,703
DN,ES,2025,WGHANSA,pil.27.8c9a,126421,Lan,Q2_27.9.a.s_PS_SPF_>0_0_0,LengthTotal,cm,18.5,,Sex,U,Number,k,Total,81.004,,FishingTrip,6,6,703
DN,ES,2025,WGHANSA,pil.27.8c9a,126421,Lan,Q2_27.9.a.s_PS_SPF_>0_0_0,LengthTotal,cm,18.5,,Sex,U,WeightLive,kg,Mean,0.047,,FishingTrip,6,6,703
DN,ES,2025,WGHANSA,pil.27.8c9a,126421,Lan,Q2_27.9.a.s_PS_SPF_>0_0_0,LengthTotal,cm,19,,Sex,U,Number,k,Total,13.479,,FishingTrip,6,6,703
DN,ES,2025,WGHANSA,pil.27.8c9a,126421,Lan,Q2_27.9.a.s_PS_SPF_>0_0_0,LengthTotal,cm,19,,Sex,U,WeightLive,kg,Mean,0.051,,FishingTrip,6,6,703
DN,ES,2025,WGHANSA,pil.27.8c9a,126421,Lan,Q2_27.9.a.s_PS_SPF_>0_0_0,LengthTotal,cm,19.5,,Sex,U,Number,k,Total,1.149,,FishingTrip,6,6,703
DN,ES,2025,WGHANSA,pil.27.8c9a,126421,Lan,Q2_27.9.a.s_PS_SPF_>0_0_0,LengthTotal,cm,19.5,,Sex,U,WeightLive,kg,Mean,0.055,,FishingTrip,6,6,703
DN,ES,2025,WGHANSA,pil.27.8c9a,126421,Lan,Q2_27.9.a.s_PS_SPF_>0_0_0,LengthTotal,cm,20,,Sex,U,Number,k,Total,1.149,,FishingTrip,6,6,703
DN,ES,2025,WGHANSA,pil.27.8c9a,126421,Lan,Q2_27.9.a.s_PS_SPF_>0_0_0,LengthTotal,cm,20,,Sex,U,WeightLive,kg,Mean,0.059,,FishingTrip,6,6,703
DN,ES,2025,WGHANSA,pil.27.8c9a,126421,Lan,Q3_27.8.c.e_PS_SPF_>0_0_0,LengthTotal,cm,11.5,,Sex,U,Number,k,Total,15.832,,FishingTrip,11,11,1185
DN,ES,2025,WGHANSA,pil.27.8c9a,126421,Lan,Q3_27.8.c.e_PS_SPF_>0_0_0,LengthTotal,cm,11.5,,Sex,U,WeightLive,kg,Mean,0.018,,FishingTrip,11,11,1185
DN,ES,2025,WGHANSA,pil.27.8c9a,126421,Lan,Q3_27.8.c.e_PS_SPF_>0_0_0,LengthTotal,cm,12,,Sex,U,Number,k,Total,31.665,,FishingTrip,11,11,1185
DN,ES,2025,WGHANSA,pil.27.8c9a,126421,Lan,Q3_27.8.c.e_PS_SPF_>0_0_0,LengthTotal,cm,12,,Sex,U,WeightLive,kg,Mean,0.02,,FishingTrip,11,11,1185
DN,ES,2025,WGHANSA,pil.27.8c9a,126421,Lan,Q3_27.8.c.e_PS_SPF_>0_0_0,LengthTotal,cm,12.5,,Sex,U,Number,k,Total,48.556,,FishingTrip,11,11,1185
DN,ES,2025,WGHANSA,pil.27.8c9a,126421,Lan,Q3_27.8.c.e_PS_SPF_>0_0_0,LengthTotal,cm,12.5,,Sex,U,WeightLive,kg,Mean,0.022,,FishingTrip,11,11,1185
DN,ES,2025,WGHANSA,pil.27.8c9a,126421,Lan,Q3_27.8.c.e_PS_SPF_>0_0_0,LengthTotal,cm,13,,Sex,U,Number,k,Total,198.457,,FishingTrip,11,11,1185
DN,ES,2025,WGHANSA,pil.27.8c9a,126421,Lan,Q3_27.8.c.e_PS_SPF_>0_0_0,LengthTotal,cm,13,,Sex,U,WeightLive,kg,Mean,0.024,,FishingTrip,11,11,1185
DN,ES,2025,WGHANSA,pil.27.8c9a,126421,Lan,Q3_27.8.c.e_PS_SPF_>0_0_0,LengthTotal,cm,13.5,,Sex,U,Number,k,Total,257.599,,FishingTrip,11,11,1185
DN,ES,2025,WGHANSA,pil.27.8c9a,126421,Lan,Q3_27.8.c.e_PS_SPF_>0_0_0,LengthTotal,cm,13.5,,Sex,U,WeightLive,kg,Mean,0.027,,FishingTrip,11,11,1185
DN,ES,2025,WGHANSA,pil.27.8c9a,126421,Lan,Q3_27.8.c.e_PS_SPF_>0_0_0,LengthTotal,cm,14,,Sex,U,Number,k,Total,153.714,,FishingTrip,11,11,1185
DN,ES,2025,WGHANSA,pil.27.8c9a,126421,Lan,Q3_27.8.c.e_PS_SPF_>0_0_0,LengthTotal,cm,14,,Sex,U,WeightLive,kg,Mean,0.029,,FishingTrip,11,11,1185
DN,ES,2025,WGHANSA,pil.27.8c9a,126421,Lan,Q3_27.8.c.e_PS_SPF_>0_0_0,LengthTotal,cm,14.5,,Sex,U,Number,k,Total,123.343,,FishingTrip,11,11,1185
DN,ES,2025,WGHANSA,pil.27.8c9a,126421,Lan,Q3_27.8.c.e_PS_SPF_>0_0_0,LengthTotal,cm,14.5,,Sex,U,WeightLive,kg,Mean,0.032,,FishingTrip,11,11,1185
DN,ES,2025,WGHANSA,pil.27.8c9a,126421,Lan,Q3_27.8.c.e_PS_SPF_>0_0_0,LengthTotal,cm,15,,Sex,U,Number,k,Total,198.977,,FishingTrip,11,11,1185
DN,ES,2025,WGHANSA,pil.27.8c9a,126421,Lan,Q3_27.8.c.e_PS_SPF_>0_0_0,LengthTotal,cm,15,,Sex,U,WeightLive,kg,Mean,0.035,,FishingTrip,11,11,1185
DN,ES,2025,WGHANSA,pil.27.8c9a,126421,Lan,Q3_27.8.c.e_PS_SPF_>0_0_0,LengthTotal,cm,15.5,,Sex,U,Number,k,Total,387.125,,FishingTrip,11,11,1185
DN,ES,2025,WGHANSA,pil.27.8c9a,126421,Lan,Q3_27.8.c.e_PS_SPF_>0_0_0,LengthTotal,cm,15.5,,Sex,U,WeightLive,kg,Mean,0.038,,FishingTrip,11,11,1185
DN,ES,2025,WGHANSA,pil.27.8c9a,126421,Lan,Q3_27.8.c.e_PS_SPF_>0_0_0,LengthTotal,cm,16,,Sex,U,Number,k,Total,493.518,,FishingTrip,11,11,1185
DN,ES,2025,WGHANSA,pil.27.8c9a,126421,Lan,Q3_27.8.c.e_PS_SPF_>0_0_0,LengthTotal,cm,16,,Sex,U,WeightLive,kg,Mean,0.042,,FishingTrip,11,11,1185
DN,ES,2025,WGHANSA,pil.27.8c9a,126421,Lan,Q3_27.8.c.e_PS_SPF_>0_0_0,LengthTotal,cm,16.5,,Sex,U,Number,k,Total,610.55,,FishingTrip,11,11,1185
DN,ES,2025,WGHANSA,pil.27.8c9a,126421,Lan,Q3_27.8.c.e_PS_SPF_>0_0_0,LengthTotal,cm,16.5,,Sex,U,WeightLive,kg,Mean,0.045,,FishingTrip,11,11,1185
DN,ES,2025,WGHANSA,pil.27.8c9a,126421,Lan,Q3_27.8.c.e_PS_SPF_>0_0_0,LengthTotal,cm,17,,Sex,U,Number,k,Total,589.798,,FishingTrip,11,11,1185
DN,ES,2025,WGHANSA,pil.27.8c9a,126421,Lan,Q3_27.8.c.e_PS_SPF_>0_0_0,LengthTotal,cm,17,,Sex,U,WeightLive,kg,Mean,0.049,,FishingTrip,11,11,1185
DN,ES,2025,WGHANSA,pil.27.8c9a,126421,Lan,Q3_27.8.c.e_PS_SPF_>0_0_0,LengthTotal,cm,17.5,,Sex,U,Number,k,Total,513.434,,FishingTrip,11,11,1185
DN,ES,2025,WGHANSA,pil.27.8c9a,126421,Lan,Q3_27.8.c.e_PS_SPF_>0_0_0,LengthTotal,cm,17.5,,Sex,U,WeightLive,kg,Mean,0.053,,FishingTrip,11,11,1185
DN,ES,2025,WGHANSA,pil.27.8c9a,126421,Lan,Q3_27.8.c.e_PS_SPF_>0_0_0,LengthTotal,cm,18,,Sex,U,Number,k,Total,425.933,,FishingTrip,11,11,1185
DN,ES,2025,WGHANSA,pil.27.8c9a,126421,Lan,Q3_27.8.c.e_PS_SPF_>0_0_0,LengthTotal,cm,18,,Sex,U,WeightLive,kg,Mean,0.057,,FishingTrip,11,11,1185
DN,ES,2025,WGHANSA,pil.27.8c9a,126421,Lan,Q3_27.8.c.e_PS_SPF_>0_0_0,LengthTotal,cm,18.5,,Sex,U,Number,k,Total,256.472,,FishingTrip,11,11,1185
DN,ES,2025,WGHANSA,pil.27.8c9a,126421,Lan,Q3_27.8.c.e_PS_SPF_>0_0_0,LengthTotal,cm,18.5,,Sex,U,WeightLive,kg,Mean,0.061,,FishingTrip,11,11,1185
DN,ES,2025,WGHANSA,pil.27.8c9a,126421,Lan,Q3_27.8.c.e_PS_SPF_>0_0_0,LengthTotal,cm,19,,Sex,U,Number,k,Total,219.102,,FishingTrip,11,11,1185
DN,ES,2025,WGHANSA,pil.27.8c9a,126421,Lan,Q3_27.8.c.e_PS_SPF_>0_0_0,LengthTotal,cm,19,,Sex,U,WeightLive,kg,Mean,0.065,,FishingTrip,11,11,1185
DN,ES,2025,WGHANSA,pil.27.8c9a,126421,Lan,Q3_27.8.c.e_PS_SPF_>0_0_0,LengthTotal,cm,19.5,,Sex,U,Number,k,Total,208.932,,FishingTrip,11,11,1185
DN,ES,2025,WGHANSA,pil.27.8c9a,126421,Lan,Q3_27.8.c.e_PS_SPF_>0_0_0,LengthTotal,cm,19.5,,Sex,U,WeightLive,kg,Mean,0.07,,FishingTrip,11,11,1185
DN,ES,2025,WGHANSA,pil.27.8c9a,126421,Lan,Q3_27.8.c.e_PS_SPF_>0_0_0,LengthTotal,cm,20,,Sex,U,Number,k,Total,157.601,,FishingTrip,11,11,1185
DN,ES,2025,WGHANSA,pil.27.8c9a,126421,Lan,Q3_27.8.c.e_PS_SPF_>0_0_0,LengthTotal,cm,20,,Sex,U,WeightLive,kg,Mean,0.075,,FishingTrip,11,11,1185
DN,ES,2025,WGHANSA,pil.27.8c9a,126421,Lan,Q3_27.8.c.e_PS_SPF_>0_0_0,LengthTotal,cm,20.5,,Sex,U,Number,k,Total,118.933,,FishingTrip,11,11,1185
DN,ES,2025,WGHANSA,pil.27.8c9a,126421,Lan,Q3_27.8.c.e_PS_SPF_>0_0_0,LengthTotal,cm,20.5,,Sex,U,WeightLive,kg,Mean,0.08,,FishingTrip,11,11,1185
DN,ES,2025,WGHANSA,pil.27.8c9a,126421,Lan,Q3_27.8.c.e_PS_SPF_>0_0_0,LengthTotal,cm,21,,Sex,U,Number,k,Total,30.664,,FishingTrip,11,11,1185
DN,ES,2025,WGHANSA,pil.27.8c9a,126421,Lan,Q3_27.8.c.e_PS_SPF_>0_0_0,LengthTotal,cm,21,,Sex,U,WeightLive,kg,Mean,0.085,,FishingTrip,11,11,1185
DN,ES,2025,WGHANSA,pil.27.8c9a,126421,Lan,Q3_27.8.c.e_PS_SPF_>0_0_0,LengthTotal,cm,21.5,,Sex,U,Number,k,Total,17.277,,FishingTrip,11,11,1185
DN,ES,2025,WGHANSA,pil.27.8c9a,126421,Lan,Q3_27.8.c.e_PS_SPF_>0_0_0,LengthTotal,cm,21.5,,Sex,U,WeightLive,kg,Mean,0.09,,FishingTrip,11,11,1185
DN,ES,2025,WGHANSA,pil.27.8c9a,126421,Lan,Q3_27.8.c.e_PS_SPF_>0_0_0,LengthTotal,cm,22,,Sex,U,Number,k,Total,4.882,,FishingTrip,11,11,1185
DN,ES,2025,WGHANSA,pil.27.8c9a,126421,Lan,Q3_27.8.c.e_PS_SPF_>0_0_0,LengthTotal,cm,22,,Sex,U,WeightLive,kg,Mean,0.096,,FishingTrip,11,11,1185
DN,ES,2025,WGHANSA,pil.27.8c9a,126421,Lan,Q3_27.9.a.n_PS_SPF_>0_0_0,LengthTotal,cm,15.5,,Sex,U,Number,k,Total,172.126,,FishingTrip,27,27,5097
DN,ES,2025,WGHANSA,pil.27.8c9a,126421,Lan,Q3_27.9.a.n_PS_SPF_>0_0_0,LengthTotal,cm,15.5,,Sex,U,WeightLive,kg,Mean,0.038,,FishingTrip,27,27,5097
DN,ES,2025,WGHANSA,pil.27.8c9a,126421,Lan,Q3_27.9.a.n_PS_SPF_>0_0_0,LengthTotal,cm,16,,Sex,U,Number,k,Total,647.628,,FishingTrip,27,27,5097
DN,ES,2025,WGHANSA,pil.27.8c9a,126421,Lan,Q3_27.9.a.n_PS_SPF_>0_0_0,LengthTotal,cm,16,,Sex,U,WeightLive,kg,Mean,0.042,,FishingTrip,27,27,5097
DN,ES,2025,WGHANSA,pil.27.8c9a,126421,Lan,Q3_27.9.a.n_PS_SPF_>0_0_0,LengthTotal,cm,16.5,,Sex,U,Number,k,Total,1401.227,,FishingTrip,27,27,5097
DN,ES,2025,WGHANSA,pil.27.8c9a,126421,Lan,Q3_27.9.a.n_PS_SPF_>0_0_0,LengthTotal,cm,16.5,,Sex,U,WeightLive,kg,Mean,0.045,,FishingTrip,27,27,5097
DN,ES,2025,WGHANSA,pil.27.8c9a,126421,Lan,Q3_27.9.a.n_PS_SPF_>0_0_0,LengthTotal,cm,17,,Sex,U,Number,k,Total,2225.152,,FishingTrip,27,27,5097
DN,ES,2025,WGHANSA,pil.27.8c9a,126421,Lan,Q3_27.9.a.n_PS_SPF_>0_0_0,LengthTotal,cm,17,,Sex,U,WeightLive,kg,Mean,0.049,,FishingTrip,27,27,5097
DN,ES,2025,WGHANSA,pil.27.8c9a,126421,Lan,Q3_27.9.a.n_PS_SPF_>0_0_0,LengthTotal,cm,17.5,,Sex,U,Number,k,Total,2239.9,,FishingTrip,27,27,5097
DN,ES,2025,WGHANSA,pil.27.8c9a,126421,Lan,Q3_27.9.a.n_PS_SPF_>0_0_0,LengthTotal,cm,17.5,,Sex,U,WeightLive,kg,Mean,0.053,,FishingTrip,27,27,5097
DN,ES,2025,WGHANSA,pil.27.8c9a,126421,Lan,Q3_27.9.a.n_PS_SPF_>0_0_0,LengthTotal,cm,18,,Sex,U,Number,k,Total,2918.215,,FishingTrip,27,27,5097
DN,ES,2025,WGHANSA,pil.27.8c9a,126421,Lan,Q3_27.9.a.n_PS_SPF_>0_0_0,LengthTotal,cm,18,,Sex,U,WeightLive,kg,Mean,0.057,,FishingTrip,27,27,5097
DN,ES,2025,WGHANSA,pil.27.8c9a,126421,Lan,Q3_27.9.a.n_PS_SPF_>0_0_0,LengthTotal,cm,18.5,,Sex,U,Number,k,Total,4148.723,,FishingTrip,27,27,5097
DN,ES,2025,WGHANSA,pil.27.8c9a,126421,Lan,Q3_27.9.a.n_PS_SPF_>0_0_0,LengthTotal,cm,18.5,,Sex,U,WeightLive,kg,Mean,0.061,,FishingTrip,27,27,5097
DN,ES,2025,WGHANSA,pil.27.8c9a,126421,Lan,Q3_27.9.a.n_PS_SPF_>0_0_0,LengthTotal,cm,19,,Sex,U,Number,k,Total,6540.459,,FishingTrip,27,27,5097
DN,ES,2025,WGHANSA,pil.27.8c9a,126421,Lan,Q3_27.9.a.n_PS_SPF_>0_0_0,LengthTotal,cm,19,,Sex,U,WeightLive,kg,Mean,0.065,,FishingTrip,27,27,5097
DN,ES,2025,WGHANSA,pil.27.8c9a,126421,Lan,Q3_27.9.a.n_PS_SPF_>0_0_0,LengthTotal,cm,19.5,,Sex,U,Number,k,Total,7487.576,,FishingTrip,27,27,5097
DN,ES,2025,WGHANSA,pil.27.8c9a,126421,Lan,Q3_27.9.a.n_PS_SPF_>0_0_0,LengthTotal,cm,19.5,,Sex,U,WeightLive,kg,Mean,0.07,,FishingTrip,27,27,5097
DN,ES,2025,WGHANSA,pil.27.8c9a,126421,Lan,Q3_27.9.a.n_PS_SPF_>0_0_0,LengthTotal,cm,20,,Sex,U,Number,k,Total,7430.175,,FishingTrip,27,27,5097
DN,ES,2025,WGHANSA,pil.27.8c9a,126421,Lan,Q3_27.9.a.n_PS_SPF_>0_0_0,LengthTotal,cm,20,,Sex,U,WeightLive,kg,Mean,0.075,,FishingTrip,27,27,5097
DN,ES,2025,WGHANSA,pil.27.8c9a,126421,Lan,Q3_27.9.a.n_PS_SPF_>0_0_0,LengthTotal,cm,20.5,,Sex,U,Number,k,Total,5075.369,,FishingTrip,27,27,5097
DN,ES,2025,WGHANSA,pil.27.8c9a,126421,Lan,Q3_27.9.a.n_PS_SPF_>0_0_0,LengthTotal,cm,20.5,,Sex,U,WeightLive,kg,Mean,0.08,,FishingTrip,27,27,5097
DN,ES,2025,WGHANSA,pil.27.8c9a,126421,Lan,Q3_27.9.a.n_PS_SPF_>0_0_0,LengthTotal,cm,21,,Sex,U,Number,k,Total,4567.235,,FishingTrip,27,27,5097
DN,ES,2025,WGHANSA,pil.27.8c9a,126421,Lan,Q3_27.9.a.n_PS_SPF_>0_0_0,LengthTotal,cm,21,,Sex,U,WeightLive,kg,Mean,0.085,,FishingTrip,27,27,5097
DN,ES,2025,WGHANSA,pil.27.8c9a,126421,Lan,Q3_27.9.a.n_PS_SPF_>0_0_0,LengthTotal,cm,21.5,,Sex,U,Number,k,Total,3822.711,,FishingTrip,27,27,5097
DN,ES,2025,WGHANSA,pil.27.8c9a,126421,Lan,Q3_27.9.a.n_PS_SPF_>0_0_0,LengthTotal,cm,21.5,,Sex,U,WeightLive,kg,Mean,0.09,,FishingTrip,27,27,5097
DN,ES,2025,WGHANSA,pil.27.8c9a,126421,Lan,Q3_27.9.a.n_PS_SPF_>0_0_0,LengthTotal,cm,22,,Sex,U,Number,k,Total,2862.965,,FishingTrip,27,27,5097
DN,ES,2025,WGHANSA,pil.27.8c9a,126421,Lan,Q3_27.9.a.n_PS_SPF_>0_0_0,LengthTotal,cm,22,,Sex,U,WeightLive,kg,Mean,0.096,,FishingTrip,27,27,5097
DN,ES,2025,WGHANSA,pil.27.8c9a,126421,Lan,Q3_27.9.a.n_PS_SPF_>0_0_0,LengthTotal,cm,22.5,,Sex,U,Number,k,Total,1066.622,,FishingTrip,27,27,5097
DN,ES,2025,WGHANSA,pil.27.8c9a,126421,Lan,Q3_27.9.a.n_PS_SPF_>0_0_0,LengthTotal,cm,22.5,,Sex,U,WeightLive,kg,Mean,0.102,,FishingTrip,27,27,5097
DN,ES,2025,WGHANSA,pil.27.8c9a,126421,Lan,Q3_27.9.a.n_PS_SPF_>0_0_0,LengthTotal,cm,23,,Sex,U,Number,k,Total,309.474,,FishingTrip,27,27,5097
DN,ES,2025,WGHANSA,pil.27.8c9a,126421,Lan,Q3_27.9.a.n_PS_SPF_>0_0_0,LengthTotal,cm,23,,Sex,U,WeightLive,kg,Mean,0.108,,FishingTrip,27,27,5097
DN,ES,2025,WGHANSA,pil.27.8c9a,126421,Lan,Q3_27.9.a.n_PS_SPF_>0_0_0,LengthTotal,cm,23.5,,Sex,U,Number,k,Total,71.705,,FishingTrip,27,27,5097
DN,ES,2025,WGHANSA,pil.27.8c9a,126421,Lan,Q3_27.9.a.n_PS_SPF_>0_0_0,LengthTotal,cm,23.5,,Sex,U,WeightLive,kg,Mean,0.114,,FishingTrip,27,27,5097
DN,ES,2025,WGHANSA,pil.27.8c9a,126421,Lan,Q3_27.9.a.n_PS_SPF_>0_0_0,LengthTotal,cm,24,,Sex,U,Number,k,Total,19.798,,FishingTrip,27,27,5097
DN,ES,2025,WGHANSA,pil.27.8c9a,126421,Lan,Q3_27.9.a.n_PS_SPF_>0_0_0,LengthTotal,cm,24,,Sex,U,WeightLive,kg,Mean,0.121,,FishingTrip,27,27,5097
DN,ES,2025,WGHANSA,pil.27.8c9a,126421,Lan,Q3_27.9.a.s_PS_SPF_>0_0_0,LengthTotal,cm,11,,Sex,U,Number,k,Total,10.445,,FishingTrip,9,9,940
DN,ES,2025,WGHANSA,pil.27.8c9a,126421,Lan,Q3_27.9.a.s_PS_SPF_>0_0_0,LengthTotal,cm,11,,Sex,U,WeightLive,kg,Mean,0.016,,FishingTrip,9,9,940
DN,ES,2025,WGHANSA,pil.27.8c9a,126421,Lan,Q3_27.9.a.s_PS_SPF_>0_0_0,LengthTotal,cm,11.5,,Sex,U,Number,k,Total,1752.578,,FishingTrip,9,9,940
DN,ES,2025,WGHANSA,pil.27.8c9a,126421,Lan,Q3_27.9.a.s_PS_SPF_>0_0_0,LengthTotal,cm,11.5,,Sex,U,WeightLive,kg,Mean,0.018,,FishingTrip,9,9,940
DN,ES,2025,WGHANSA,pil.27.8c9a,126421,Lan,Q3_27.9.a.s_PS_SPF_>0_0_0,LengthTotal,cm,12,,Sex,U,Number,k,Total,4044.714,,FishingTrip,9,9,940
DN,ES,2025,WGHANSA,pil.27.8c9a,126421,Lan,Q3_27.9.a.s_PS_SPF_>0_0_0,LengthTotal,cm,12,,Sex,U,WeightLive,kg,Mean,0.02,,FishingTrip,9,9,940
DN,ES,2025,WGHANSA,pil.27.8c9a,126421,Lan,Q3_27.9.a.s_PS_SPF_>0_0_0,LengthTotal,cm,12.5,,Sex,U,Number,k,Total,6814.056,,FishingTrip,9,9,940
DN,ES,2025,WGHANSA,pil.27.8c9a,126421,Lan,Q3_27.9.a.s_PS_SPF_>0_0_0,LengthTotal,cm,12.5,,Sex,U,WeightLive,kg,Mean,0.022,,FishingTrip,9,9,940
DN,ES,2025,WGHANSA,pil.27.8c9a,126421,Lan,Q3_27.9.a.s_PS_SPF_>0_0_0,LengthTotal,cm,13,,Sex,U,Number,k,Total,5111.547,,FishingTrip,9,9,940
DN,ES,2025,WGHANSA,pil.27.8c9a,126421,Lan,Q3_27.9.a.s_PS_SPF_>0_0_0,LengthTotal,cm,13,,Sex,U,WeightLive,kg,Mean,0.024,,FishingTrip,9,9,940
DN,ES,2025,WGHANSA,pil.27.8c9a,126421,Lan,Q3_27.9.a.s_PS_SPF_>0_0_0,LengthTotal,cm,13.5,,Sex,U,Number,k,Total,3863.28,,FishingTrip,9,9,940
DN,ES,2025,WGHANSA,pil.27.8c9a,126421,Lan,Q3_27.9.a.s_PS_SPF_>0_0_0,LengthTotal,cm,13.5,,Sex,U,WeightLive,kg,Mean,0.027,,FishingTrip,9,9,940
DN,ES,2025,WGHANSA,pil.27.8c9a,126421,Lan,Q3_27.9.a.s_PS_SPF_>0_0_0,LengthTotal,cm,14,,Sex,U,Number,k,Total,3204.456,,FishingTrip,9,9,940
DN,ES,2025,WGHANSA,pil.27.8c9a,126421,Lan,Q3_27.9.a.s_PS_SPF_>0_0_0,LengthTotal,cm,14,,Sex,U,WeightLive,kg,Mean,0.029,,FishingTrip,9,9,940
DN,ES,2025,WGHANSA,pil.27.8c9a,126421,Lan,Q3_27.9.a.s_PS_SPF_>0_0_0,LengthTotal,cm,14.5,,Sex,U,Number,k,Total,3192.43,,FishingTrip,9,9,940
DN,ES,2025,WGHANSA,pil.27.8c9a,126421,Lan,Q3_27.9.a.s_PS_SPF_>0_0_0,LengthTotal,cm,14.5,,Sex,U,WeightLive,kg,Mean,0.032,,FishingTrip,9,9,940
DN,ES,2025,WGHANSA,pil.27.8c9a,126421,Lan,Q3_27.9.a.s_PS_SPF_>0_0_0,LengthTotal,cm,15,,Sex,U,Number,k,Total,3624.81,,FishingTrip,9,9,940
DN,ES,2025,WGHANSA,pil.27.8c9a,126421,Lan,Q3_27.9.a.s_PS_SPF_>0_0_0,LengthTotal,cm,15,,Sex,U,WeightLive,kg,Mean,0.035,,FishingTrip,9,9,940
DN,ES,2025,WGHANSA,pil.27.8c9a,126421,Lan,Q3_27.9.a.s_PS_SPF_>0_0_0,LengthTotal,cm,15.5,,Sex,U,Number,k,Total,2853.026,,FishingTrip,9,9,940
DN,ES,2025,WGHANSA,pil.27.8c9a,126421,Lan,Q3_27.9.a.s_PS_SPF_>0_0_0,LengthTotal,cm,15.5,,Sex,U,WeightLive,kg,Mean,0.038,,FishingTrip,9,9,940
DN,ES,2025,WGHANSA,pil.27.8c9a,126421,Lan,Q3_27.9.a.s_PS_SPF_>0_0_0,LengthTotal,cm,16,,Sex,U,Number,k,Total,2122.31,,FishingTrip,9,9,940
DN,ES,2025,WGHANSA,pil.27.8c9a,126421,Lan,Q3_27.9.a.s_PS_SPF_>0_0_0,LengthTotal,cm,16,,Sex,U,WeightLive,kg,Mean,0.042,,FishingTrip,9,9,940
DN,ES,2025,WGHANSA,pil.27.8c9a,126421,Lan,Q3_27.9.a.s_PS_SPF_>0_0_0,LengthTotal,cm,16.5,,Sex,U,Number,k,Total,2037.472,,FishingTrip,9,9,940
DN,ES,2025,WGHANSA,pil.27.8c9a,126421,Lan,Q3_27.9.a.s_PS_SPF_>0_0_0,LengthTotal,cm,16.5,,Sex,U,WeightLive,kg,Mean,0.045,,FishingTrip,9,9,940
DN,ES,2025,WGHANSA,pil.27.8c9a,126421,Lan,Q3_27.9.a.s_PS_SPF_>0_0_0,LengthTotal,cm,17,,Sex,U,Number,k,Total,2959.196,,FishingTrip,9,9,940
DN,ES,2025,WGHANSA,pil.27.8c9a,126421,Lan,Q3_27.9.a.s_PS_SPF_>0_0_0,LengthTotal,cm,17,,Sex,U,WeightLive,kg,Mean,0.049,,FishingTrip,9,9,940
DN,ES,2025,WGHANSA,pil.27.8c9a,126421,Lan,Q3_27.9.a.s_PS_SPF_>0_0_0,LengthTotal,cm,17.5,,Sex,U,Number,k,Total,1253.899,,FishingTrip,9,9,940
DN,ES,2025,WGHANSA,pil.27.8c9a,126421,Lan,Q3_27.9.a.s_PS_SPF_>0_0_0,LengthTotal,cm,17.5,,Sex,U,WeightLive,kg,Mean,0.053,,FishingTrip,9,9,940
DN,ES,2025,WGHANSA,pil.27.8c9a,126421,Lan,Q3_27.9.a.s_PS_SPF_>0_0_0,LengthTotal,cm,18,,Sex,U,Number,k,Total,213.985,,FishingTrip,9,9,940
DN,ES,2025,WGHANSA,pil.27.8c9a,126421,Lan,Q3_27.9.a.s_PS_SPF_>0_0_0,LengthTotal,cm,18,,Sex,U,WeightLive,kg,Mean,0.057,,FishingTrip,9,9,940
DN,ES,2025,WGHANSA,pil.27.8c9a,126421,Lan,Q3_27.9.a.s_PS_SPF_>0_0_0,LengthTotal,cm,18.5,,Sex,U,Number,k,Total,112.847,,FishingTrip,9,9,940
DN,ES,2025,WGHANSA,pil.27.8c9a,126421,Lan,Q3_27.9.a.s_PS_SPF_>0_0_0,LengthTotal,cm,18.5,,Sex,U,WeightLive,kg,Mean,0.061,,FishingTrip,9,9,940
DN,ES,2025,WGHANSA,pil.27.8c9a,126421,Lan,Q3_27.9.a.s_PS_SPF_>0_0_0,LengthTotal,cm,19,,Sex,U,Number,k,Total,225.245,,FishingTrip,9,9,940
DN,ES,2025,WGHANSA,pil.27.8c9a,126421,Lan,Q3_27.9.a.s_PS_SPF_>0_0_0,LengthTotal,cm,19,,Sex,U,WeightLive,kg,Mean,0.065,,FishingTrip,9,9,940
DN,ES,2025,WGHANSA,pil.27.8c9a,126421,Lan,Q3_27.9.a.s_PS_SPF_>0_0_0,LengthTotal,cm,19.5,,Sex,U,Number,k,Total,48.953,,FishingTrip,9,9,940
DN,ES,2025,WGHANSA,pil.27.8c9a,126421,Lan,Q3_27.9.a.s_PS_SPF_>0_0_0,LengthTotal,cm,19.5,,Sex,U,WeightLive,kg,Mean,0.07,,FishingTrip,9,9,940
DN,ES,2025,WGHANSA,pil.27.8c9a,126421,Lan,Q4_27.8.c.e_PS_SPF_>0_0_0,LengthTotal,cm,15,,Sex,U,Number,k,Total,2.293,,FishingTrip,2,2,89
DN,ES,2025,WGHANSA,pil.27.8c9a,126421,Lan,Q4_27.8.c.e_PS_SPF_>0_0_0,LengthTotal,cm,15,,Sex,U,WeightLive,kg,Mean,0.035,,FishingTrip,2,2,89
DN,ES,2025,WGHANSA,pil.27.8c9a,126421,Lan,Q4_27.8.c.e_PS_SPF_>0_0_0,LengthTotal,cm,16,,Sex,U,Number,k,Total,2.293,,FishingTrip,2,2,89
DN,ES,2025,WGHANSA,pil.27.8c9a,126421,Lan,Q4_27.8.c.e_PS_SPF_>0_0_0,LengthTotal,cm,16,,Sex,U,WeightLive,kg,Mean,0.042,,FishingTrip,2,2,89
DN,ES,2025,WGHANSA,pil.27.8c9a,126421,Lan,Q4_27.8.c.e_PS_SPF_>0_0_0,LengthTotal,cm,16.5,,Sex,U,Number,k,Total,4.586,,FishingTrip,2,2,89
DN,ES,2025,WGHANSA,pil.27.8c9a,126421,Lan,Q4_27.8.c.e_PS_SPF_>0_0_0,LengthTotal,cm,16.5,,Sex,U,WeightLive,kg,Mean,0.045,,FishingTrip,2,2,89
DN,ES,2025,WGHANSA,pil.27.8c9a,126421,Lan,Q4_27.8.c.e_PS_SPF_>0_0_0,LengthTotal,cm,17,,Sex,U,Number,k,Total,4.586,,FishingTrip,2,2,89
DN,ES,2025,WGHANSA,pil.27.8c9a,126421,Lan,Q4_27.8.c.e_PS_SPF_>0_0_0,LengthTotal,cm,17,,Sex,U,WeightLive,kg,Mean,0.049,,FishingTrip,2,2,89
DN,ES,2025,WGHANSA,pil.27.8c9a,126421,Lan,Q4_27.8.c.e_PS_SPF_>0_0_0,LengthTotal,cm,17.5,,Sex,U,Number,k,Total,20.638,,FishingTrip,2,2,89
DN,ES,2025,WGHANSA,pil.27.8c9a,126421,Lan,Q4_27.8.c.e_PS_SPF_>0_0_0,LengthTotal,cm,17.5,,Sex,U,WeightLive,kg,Mean,0.053,,FishingTrip,2,2,89
DN,ES,2025,WGHANSA,pil.27.8c9a,126421,Lan,Q4_27.8.c.e_PS_SPF_>0_0_0,LengthTotal,cm,18,,Sex,U,Number,k,Total,27.518,,FishingTrip,2,2,89
DN,ES,2025,WGHANSA,pil.27.8c9a,126421,Lan,Q4_27.8.c.e_PS_SPF_>0_0_0,LengthTotal,cm,18,,Sex,U,WeightLive,kg,Mean,0.057,,FishingTrip,2,2,89
DN,ES,2025,WGHANSA,pil.27.8c9a,126421,Lan,Q4_27.8.c.e_PS_SPF_>0_0_0,LengthTotal,cm,18.5,,Sex,U,Number,k,Total,36.691,,FishingTrip,2,2,89
DN,ES,2025,WGHANSA,pil.27.8c9a,126421,Lan,Q4_27.8.c.e_PS_SPF_>0_0_0,LengthTotal,cm,18.5,,Sex,U,WeightLive,kg,Mean,0.061,,FishingTrip,2,2,89
DN,ES,2025,WGHANSA,pil.27.8c9a,126421,Lan,Q4_27.8.c.e_PS_SPF_>0_0_0,LengthTotal,cm,19,,Sex,U,Number,k,Total,29.811,,FishingTrip,2,2,89
DN,ES,2025,WGHANSA,pil.27.8c9a,126421,Lan,Q4_27.8.c.e_PS_SPF_>0_0_0,LengthTotal,cm,19,,Sex,U,WeightLive,kg,Mean,0.065,,FishingTrip,2,2,89
DN,ES,2025,WGHANSA,pil.27.8c9a,126421,Lan,Q4_27.8.c.e_PS_SPF_>0_0_0,LengthTotal,cm,19.5,,Sex,U,Number,k,Total,36.691,,FishingTrip,2,2,89
DN,ES,2025,WGHANSA,pil.27.8c9a,126421,Lan,Q4_27.8.c.e_PS_SPF_>0_0_0,LengthTotal,cm,19.5,,Sex,U,WeightLive,kg,Mean,0.07,,FishingTrip,2,2,89
DN,ES,2025,WGHANSA,pil.27.8c9a,126421,Lan,Q4_27.8.c.e_PS_SPF_>0_0_0,LengthTotal,cm,20,,Sex,U,Number,k,Total,11.466,,FishingTrip,2,2,89
DN,ES,2025,WGHANSA,pil.27.8c9a,126421,Lan,Q4_27.8.c.e_PS_SPF_>0_0_0,LengthTotal,cm,20,,Sex,U,WeightLive,kg,Mean,0.075,,FishingTrip,2,2,89
DN,ES,2025,WGHANSA,pil.27.8c9a,126421,Lan,Q4_27.8.c.e_PS_SPF_>0_0_0,LengthTotal,cm,20.5,,Sex,U,Number,k,Total,6.879,,FishingTrip,2,2,89
DN,ES,2025,WGHANSA,pil.27.8c9a,126421,Lan,Q4_27.8.c.e_PS_SPF_>0_0_0,LengthTotal,cm,20.5,,Sex,U,WeightLive,kg,Mean,0.08,,FishingTrip,2,2,89
DN,ES,2025,WGHANSA,pil.27.8c9a,126421,Lan,Q4_27.8.c.e_PS_SPF_>0_0_0,LengthTotal,cm,21,,Sex,U,Number,k,Total,13.759,,FishingTrip,2,2,89
DN,ES,2025,WGHANSA,pil.27.8c9a,126421,Lan,Q4_27.8.c.e_PS_SPF_>0_0_0,LengthTotal,cm,21,,Sex,U,WeightLive,kg,Mean,0.085,,FishingTrip,2,2,89
DN,ES,2025,WGHANSA,pil.27.8c9a,126421,Lan,Q4_27.8.c.e_PS_SPF_>0_0_0,LengthTotal,cm,21.5,,Sex,U,Number,k,Total,2.293,,FishingTrip,2,2,89
DN,ES,2025,WGHANSA,pil.27.8c9a,126421,Lan,Q4_27.8.c.e_PS_SPF_>0_0_0,LengthTotal,cm,21.5,,Sex,U,WeightLive,kg,Mean,0.09,,FishingTrip,2,2,89
DN,ES,2025,WGHANSA,pil.27.8c9a,126421,Lan,Q4_27.8.c.e_PS_SPF_>0_0_0,LengthTotal,cm,22,,Sex,U,Number,k,Total,4.586,,FishingTrip,2,2,89
DN,ES,2025,WGHANSA,pil.27.8c9a,126421,Lan,Q4_27.8.c.e_PS_SPF_>0_0_0,LengthTotal,cm,22,,Sex,U,WeightLive,kg,Mean,0.096,,FishingTrip,2,2,89
DN,ES,2025,WGHANSA,pil.27.8c9a,126421,Lan,Q4_27.9.a.n_PS_SPF_>0_0_0,LengthTotal,cm,16,,Sex,U,Number,k,Total,4.602,,FishingTrip,13,13,2140
DN,ES,2025,WGHANSA,pil.27.8c9a,126421,Lan,Q4_27.9.a.n_PS_SPF_>0_0_0,LengthTotal,cm,16,,Sex,U,WeightLive,kg,Mean,0.042,,FishingTrip,13,13,2140
DN,ES,2025,WGHANSA,pil.27.8c9a,126421,Lan,Q4_27.9.a.n_PS_SPF_>0_0_0,LengthTotal,cm,16.5,,Sex,U,Number,k,Total,6.274,,FishingTrip,13,13,2140
DN,ES,2025,WGHANSA,pil.27.8c9a,126421,Lan,Q4_27.9.a.n_PS_SPF_>0_0_0,LengthTotal,cm,16.5,,Sex,U,WeightLive,kg,Mean,0.045,,FishingTrip,13,13,2140
DN,ES,2025,WGHANSA,pil.27.8c9a,126421,Lan,Q4_27.9.a.n_PS_SPF_>0_0_0,LengthTotal,cm,17,,Sex,U,Number,k,Total,44.004,,FishingTrip,13,13,2140
DN,ES,2025,WGHANSA,pil.27.8c9a,126421,Lan,Q4_27.9.a.n_PS_SPF_>0_0_0,LengthTotal,cm,17,,Sex,U,WeightLive,kg,Mean,0.049,,FishingTrip,13,13,2140
DN,ES,2025,WGHANSA,pil.27.8c9a,126421,Lan,Q4_27.9.a.n_PS_SPF_>0_0_0,LengthTotal,cm,17.5,,Sex,U,Number,k,Total,345.797,,FishingTrip,13,13,2140
DN,ES,2025,WGHANSA,pil.27.8c9a,126421,Lan,Q4_27.9.a.n_PS_SPF_>0_0_0,LengthTotal,cm,17.5,,Sex,U,WeightLive,kg,Mean,0.053,,FishingTrip,13,13,2140
DN,ES,2025,WGHANSA,pil.27.8c9a,126421,Lan,Q4_27.9.a.n_PS_SPF_>0_0_0,LengthTotal,cm,18,,Sex,U,Number,k,Total,1004.39,,FishingTrip,13,13,2140
DN,ES,2025,WGHANSA,pil.27.8c9a,126421,Lan,Q4_27.9.a.n_PS_SPF_>0_0_0,LengthTotal,cm,18,,Sex,U,WeightLive,kg,Mean,0.057,,FishingTrip,13,13,2140
DN,ES,2025,WGHANSA,pil.27.8c9a,126421,Lan,Q4_27.9.a.n_PS_SPF_>0_0_0,LengthTotal,cm,18.5,,Sex,U,Number,k,Total,1609.358,,FishingTrip,13,13,2140
DN,ES,2025,WGHANSA,pil.27.8c9a,126421,Lan,Q4_27.9.a.n_PS_SPF_>0_0_0,LengthTotal,cm,18.5,,Sex,U,WeightLive,kg,Mean,0.061,,FishingTrip,13,13,2140
DN,ES,2025,WGHANSA,pil.27.8c9a,126421,Lan,Q4_27.9.a.n_PS_SPF_>0_0_0,LengthTotal,cm,19,,Sex,U,Number,k,Total,1543.163,,FishingTrip,13,13,2140
DN,ES,2025,WGHANSA,pil.27.8c9a,126421,Lan,Q4_27.9.a.n_PS_SPF_>0_0_0,LengthTotal,cm,19,,Sex,U,WeightLive,kg,Mean,0.065,,FishingTrip,13,13,2140
DN,ES,2025,WGHANSA,pil.27.8c9a,126421,Lan,Q4_27.9.a.n_PS_SPF_>0_0_0,LengthTotal,cm,19.5,,Sex,U,Number,k,Total,1691.663,,FishingTrip,13,13,2140
DN,ES,2025,WGHANSA,pil.27.8c9a,126421,Lan,Q4_27.9.a.n_PS_SPF_>0_0_0,LengthTotal,cm,19.5,,Sex,U,WeightLive,kg,Mean,0.07,,FishingTrip,13,13,2140
DN,ES,2025,WGHANSA,pil.27.8c9a,126421,Lan,Q4_27.9.a.n_PS_SPF_>0_0_0,LengthTotal,cm,20,,Sex,U,Number,k,Total,1781.853,,FishingTrip,13,13,2140
DN,ES,2025,WGHANSA,pil.27.8c9a,126421,Lan,Q4_27.9.a.n_PS_SPF_>0_0_0,LengthTotal,cm,20,,Sex,U,WeightLive,kg,Mean,0.075,,FishingTrip,13,13,2140
DN,ES,2025,WGHANSA,pil.27.8c9a,126421,Lan,Q4_27.9.a.n_PS_SPF_>0_0_0,LengthTotal,cm,20.5,,Sex,U,Number,k,Total,2248.863,,FishingTrip,13,13,2140
DN,ES,2025,WGHANSA,pil.27.8c9a,126421,Lan,Q4_27.9.a.n_PS_SPF_>0_0_0,LengthTotal,cm,20.5,,Sex,U,WeightLive,kg,Mean,0.08,,FishingTrip,13,13,2140
DN,ES,2025,WGHANSA,pil.27.8c9a,126421,Lan,Q4_27.9.a.n_PS_SPF_>0_0_0,LengthTotal,cm,21,,Sex,U,Number,k,Total,2971.355,,FishingTrip,13,13,2140
DN,ES,2025,WGHANSA,pil.27.8c9a,126421,Lan,Q4_27.9.a.n_PS_SPF_>0_0_0,LengthTotal,cm,21,,Sex,U,WeightLive,kg,Mean,0.085,,FishingTrip,13,13,2140
DN,ES,2025,WGHANSA,pil.27.8c9a,126421,Lan,Q4_27.9.a.n_PS_SPF_>0_0_0,LengthTotal,cm,21.5,,Sex,U,Number,k,Total,2514.111,,FishingTrip,13,13,2140
DN,ES,2025,WGHANSA,pil.27.8c9a,126421,Lan,Q4_27.9.a.n_PS_SPF_>0_0_0,LengthTotal,cm,21.5,,Sex,U,WeightLive,kg,Mean,0.09,,FishingTrip,13,13,2140
DN,ES,2025,WGHANSA,pil.27.8c9a,126421,Lan,Q4_27.9.a.n_PS_SPF_>0_0_0,LengthTotal,cm,22,,Sex,U,Number,k,Total,1555.169,,FishingTrip,13,13,2140
DN,ES,2025,WGHANSA,pil.27.8c9a,126421,Lan,Q4_27.9.a.n_PS_SPF_>0_0_0,LengthTotal,cm,22,,Sex,U,WeightLive,kg,Mean,0.096,,FishingTrip,13,13,2140
DN,ES,2025,WGHANSA,pil.27.8c9a,126421,Lan,Q4_27.9.a.n_PS_SPF_>0_0_0,LengthTotal,cm,22.5,,Sex,U,Number,k,Total,486.18,,FishingTrip,13,13,2140
DN,ES,2025,WGHANSA,pil.27.8c9a,126421,Lan,Q4_27.9.a.n_PS_SPF_>0_0_0,LengthTotal,cm,22.5,,Sex,U,WeightLive,kg,Mean,0.102,,FishingTrip,13,13,2140
DN,ES,2025,WGHANSA,pil.27.8c9a,126421,Lan,Q4_27.9.a.n_PS_SPF_>0_0_0,LengthTotal,cm,23,,Sex,U,Number,k,Total,102.064,,FishingTrip,13,13,2140
DN,ES,2025,WGHANSA,pil.27.8c9a,126421,Lan,Q4_27.9.a.n_PS_SPF_>0_0_0,LengthTotal,cm,23,,Sex,U,WeightLive,kg,Mean,0.108,,FishingTrip,13,13,2140
DN,ES,2025,WGHANSA,pil.27.8c9a,126421,Lan,Q4_27.9.a.n_PS_SPF_>0_0_0,LengthTotal,cm,23.5,,Sex,U,Number,k,Total,8.856,,FishingTrip,13,13,2140
DN,ES,2025,WGHANSA,pil.27.8c9a,126421,Lan,Q4_27.9.a.n_PS_SPF_>0_0_0,LengthTotal,cm,23.5,,Sex,U,WeightLive,kg,Mean,0.114,,FishingTrip,13,13,2140
DN,ES,2025,WGHANSA,pil.27.8c9a,126421,Lan,Q4_27.9.a.s_PS_SPF_>0_0_0,LengthTotal,cm,11.5,,Sex,U,Number,k,Total,170.165,,FishingTrip,3,3,340
DN,ES,2025,WGHANSA,pil.27.8c9a,126421,Lan,Q4_27.9.a.s_PS_SPF_>0_0_0,LengthTotal,cm,11.5,,Sex,U,WeightLive,kg,Mean,0.018,,FishingTrip,3,3,340
DN,ES,2025,WGHANSA,pil.27.8c9a,126421,Lan,Q4_27.9.a.s_PS_SPF_>0_0_0,LengthTotal,cm,12,,Sex,U,Number,k,Total,726.124,,FishingTrip,3,3,340
DN,ES,2025,WGHANSA,pil.27.8c9a,126421,Lan,Q4_27.9.a.s_PS_SPF_>0_0_0,LengthTotal,cm,12,,Sex,U,WeightLive,kg,Mean,0.02,,FishingTrip,3,3,340
DN,ES,2025,WGHANSA,pil.27.8c9a,126421,Lan,Q4_27.9.a.s_PS_SPF_>0_0_0,LengthTotal,cm,12.5,,Sex,U,Number,k,Total,1756.33,,FishingTrip,3,3,340
DN,ES,2025,WGHANSA,pil.27.8c9a,126421,Lan,Q4_27.9.a.s_PS_SPF_>0_0_0,LengthTotal,cm,12.5,,Sex,U,WeightLive,kg,Mean,0.022,,FishingTrip,3,3,340
DN,ES,2025,WGHANSA,pil.27.8c9a,126421,Lan,Q4_27.9.a.s_PS_SPF_>0_0_0,LengthTotal,cm,13,,Sex,U,Number,k,Total,1145.93,,FishingTrip,3,3,340
DN,ES,2025,WGHANSA,pil.27.8c9a,126421,Lan,Q4_27.9.a.s_PS_SPF_>0_0_0,LengthTotal,cm,13,,Sex,U,WeightLive,kg,Mean,0.024,,FishingTrip,3,3,340
DN,ES,2025,WGHANSA,pil.27.8c9a,126421,Lan,Q4_27.9.a.s_PS_SPF_>0_0_0,LengthTotal,cm,13.5,,Sex,U,Number,k,Total,838.847,,FishingTrip,3,3,340
DN,ES,2025,WGHANSA,pil.27.8c9a,126421,Lan,Q4_27.9.a.s_PS_SPF_>0_0_0,LengthTotal,cm,13.5,,Sex,U,WeightLive,kg,Mean,0.027,,FishingTrip,3,3,340
DN,ES,2025,WGHANSA,pil.27.8c9a,126421,Lan,Q4_27.9.a.s_PS_SPF_>0_0_0,LengthTotal,cm,14,,Sex,U,Number,k,Total,459.303,,FishingTrip,3,3,340
DN,ES,2025,WGHANSA,pil.27.8c9a,126421,Lan,Q4_27.9.a.s_PS_SPF_>0_0_0,LengthTotal,cm,14,,Sex,U,WeightLive,kg,Mean,0.029,,FishingTrip,3,3,340
DN,ES,2025,WGHANSA,pil.27.8c9a,126421,Lan,Q4_27.9.a.s_PS_SPF_>0_0_0,LengthTotal,cm,14.5,,Sex,U,Number,k,Total,378.919,,FishingTrip,3,3,340
DN,ES,2025,WGHANSA,pil.27.8c9a,126421,Lan,Q4_27.9.a.s_PS_SPF_>0_0_0,LengthTotal,cm,14.5,,Sex,U,WeightLive,kg,Mean,0.032,,FishingTrip,3,3,340
DN,ES,2025,WGHANSA,pil.27.8c9a,126421,Lan,Q4_27.9.a.s_PS_SPF_>0_0_0,LengthTotal,cm,15,,Sex,U,Number,k,Total,68.459,,FishingTrip,3,3,340
DN,ES,2025,WGHANSA,pil.27.8c9a,126421,Lan,Q4_27.9.a.s_PS_SPF_>0_0_0,LengthTotal,cm,15,,Sex,U,WeightLive,kg,Mean,0.035,,FishingTrip,3,3,340
DN,ES,2025,WGHANSA,pil.27.8c9a,126421,Lan,Q4_27.9.a.s_PS_SPF_>0_0_0,LengthTotal,cm,15.5,,Sex,U,Number,k,Total,176.295,,FishingTrip,3,3,340
DN,ES,2025,WGHANSA,pil.27.8c9a,126421,Lan,Q4_27.9.a.s_PS_SPF_>0_0_0,LengthTotal,cm,15.5,,Sex,U,WeightLive,kg,Mean,0.038,,FishingTrip,3,3,340
DN,ES,2025,WGHANSA,pil.27.8c9a,126421,Lan,Q4_27.9.a.s_PS_SPF_>0_0_0,LengthTotal,cm,16,,Sex,U,Number,k,Total,506.021,,FishingTrip,3,3,340
DN,ES,2025,WGHANSA,pil.27.8c9a,126421,Lan,Q4_27.9.a.s_PS_SPF_>0_0_0,LengthTotal,cm,16,,Sex,U,WeightLive,kg,Mean,0.042,,FishingTrip,3,3,340
DN,ES,2025,WGHANSA,pil.27.8c9a,126421,Lan,Q4_27.9.a.s_PS_SPF_>0_0_0,LengthTotal,cm,16.5,,Sex,U,Number,k,Total,663.326,,FishingTrip,3,3,340
DN,ES,2025,WGHANSA,pil.27.8c9a,126421,Lan,Q4_27.9.a.s_PS_SPF_>0_0_0,LengthTotal,cm,16.5,,Sex,U,WeightLive,kg,Mean,0.045,,FishingTrip,3,3,340
DN,ES,2025,WGHANSA,pil.27.8c9a,126421,Lan,Q4_27.9.a.s_PS_SPF_>0_0_0,LengthTotal,cm,17,,Sex,U,Number,k,Total,541.21,,FishingTrip,3,3,340
DN,ES,2025,WGHANSA,pil.27.8c9a,126421,Lan,Q4_27.9.a.s_PS_SPF_>0_0_0,LengthTotal,cm,17,,Sex,U,WeightLive,kg,Mean,0.049,,FishingTrip,3,3,340
DN,ES,2025,WGHANSA,pil.27.8c9a,126421,Lan,Q4_27.9.a.s_PS_SPF_>0_0_0,LengthTotal,cm,17.5,,Sex,U,Number,k,Total,600.849,,FishingTrip,3,3,340
DN,ES,2025,WGHANSA,pil.27.8c9a,126421,Lan,Q4_27.9.a.s_PS_SPF_>0_0_0,LengthTotal,cm,17.5,,Sex,U,WeightLive,kg,Mean,0.053,,FishingTrip,3,3,340
DN,ES,2025,WGHANSA,pil.27.8c9a,126421,Lan,Q4_27.9.a.s_PS_SPF_>0_0_0,LengthTotal,cm,18,,Sex,U,Number,k,Total,248.391,,FishingTrip,3,3,340
DN,ES,2025,WGHANSA,pil.27.8c9a,126421,Lan,Q4_27.9.a.s_PS_SPF_>0_0_0,LengthTotal,cm,18,,Sex,U,WeightLive,kg,Mean,0.057,,FishingTrip,3,3,340
DN,ES,2025,WGHANSA,pil.27.8c9a,126421,Lan,Q4_27.9.a.s_PS_SPF_>0_0_0,LengthTotal,cm,18.5,,Sex,U,Number,k,Total,541.616,,FishingTrip,3,3,340
DN,ES,2025,WGHANSA,pil.27.8c9a,126421,Lan,Q4_27.9.a.s_PS_SPF_>0_0_0,LengthTotal,cm,18.5,,Sex,U,WeightLive,kg,Mean,0.061,,FishingTrip,3,3,340
DN,ES,2025,WGHANSA,pil.27.8c9a,126421,Lan,Q4_27.9.a.s_PS_SPF_>0_0_0,LengthTotal,cm,19,,Sex,U,Number,k,Total,240.177,,FishingTrip,3,3,340
DN,ES,2025,WGHANSA,pil.27.8c9a,126421,Lan,Q4_27.9.a.s_PS_SPF_>0_0_0,LengthTotal,cm,19,,Sex,U,WeightLive,kg,Mean,0.065,,FishingTrip,3,3,340
DN,ES,2025,WGHANSA,pil.27.8c9a,126421,Lan,Q4_27.9.a.s_PS_SPF_>0_0_0,LengthTotal,cm,19.5,,Sex,U,Number,k,Total,120.089,,FishingTrip,3,3,340
DN,ES,2025,WGHANSA,pil.27.8c9a,126421,Lan,Q4_27.9.a.s_PS_SPF_>0_0_0,LengthTotal,cm,19.5,,Sex,U,WeightLive,kg,Mean,0.07,,FishingTrip,3,3,340
DN,ES,2025,WGHANSA,pil.27.8c9a,126421,Lan,Q4_27.9.a.s_PS_SPF_>0_0_0,LengthTotal,cm,20,,Sex,U,Number,k,Total,120.089,,FishingTrip,3,3,340
DN,ES,2025,WGHANSA,pil.27.8c9a,126421,Lan,Q4_27.9.a.s_PS_SPF_>0_0_0,LengthTotal,cm,20,,Sex,U,WeightLive,kg,Mean,0.075,,FishingTrip,3,3,340
DN,ES,2025,WGHANSA,pil.27.8c9a,126421,Lan,Q4_27.9.a.s_PS_SPF_>0_0_0,LengthTotal,cm,20.5,,Sex,U,Number,k,Total,60.044,,FishingTrip,3,3,340
DN,ES,2025,WGHANSA,pil.27.8c9a,126421,Lan,Q4_27.9.a.s_PS_SPF_>0_0_0,LengthTotal,cm,20.5,,Sex,U,WeightLive,kg,Mean,0.08,,FishingTrip,3,3,340
